strain	isotype	pos	perc
AB1	AB1	4456377	78.7426528538737
BRC20067	BRC20067	4456377	74.1767195875655
BRC20263	BRC20263	4456377	62.462797672562
CB4852	CB4852	4456377	52.1802708541918
CB4854	CB4854	4456377	62.6410293029354
CB4856	CB4856	4456377	72.027894562845
CB4932	CB4932	4456377	57.6523734122918
CX11254	CX11254	4456377	48.7628270922563
CX11262	CX11262	4456377	56.249594489381
CX11264	CX11264	4456377	55.06572940495
CX11271	CX11271	4456377	48.3311295428136
CX11276	CX11276	4456377	51.8272596547714
CX11285	CX11285	4456377	65.9771787258555
CX11292	CX11292	4456377	52.3093622937764
CX11307	CX11307	4456377	69.1664371335843
CX11314	CX11314	4456377	59.8782115632826
CX11315	CX11315	4456377	58.4912696754141
DL200	DL200	4456377	29.1278035929897
DL226	DL226	4456377	75.2467207867248
DL238	DL238	4456377	66.2446967720676
ECA1069	ECA1069	4456377	60.7080122208628
ECA1074	ECA1074	4456377	75.6371667495674
ECA1185	ECA1185	4456377	0
ECA1186	ECA1186	4456377	63.9598960691459
ECA1187	ECA1187	4456377	0
ECA1191	ECA1191	4456377	0
ECA1192	ECA1192	4456377	0
ECA1193	ECA1193	4456377	0
ECA1194	ECA1194	4456377	0
ECA1195	ECA1195	4456377	0
ECA1196	ECA1196	4456377	0
ECA1200	ECA1200	4456377	97.0398544732926
ECA1202	ECA1202	4456377	52.906430829513
ECA1206	ECA1206	4456377	0
ECA1208	ECA1208	4456377	83.500908276275
ECA1212	ECA1212	4456377	84.5197405812785
ECA1216	ECA1216	4456377	0
ECA1223	ECA1223	4456377	91.6883850230215
ECA1225	ECA1225	4456377	72.7893742720762
ECA1228	ECA1228	4456377	0
ECA1229	ECA1229	4456377	0
ECA1232	ECA1232	4456377	0
ECA1237	ECA1237	4456377	0
ECA1238	ECA1238	4456377	0
ECA1240	ECA1240	4456377	0
ECA1242	ECA1242	4456377	0
ECA1243	ECA1243	4456377	80.5889708599482
ECA1247	ECA1247	4456377	61.8688229847284
ECA1251	ECA1251	4456377	0
ECA1252	ECA1252	4456377	0
ECA1253	ECA1253	4456377	0
ECA1255	ECA1255	4456377	54.2840375586854
ECA1257	ECA1257	4456377	82.968157841017
ECA1260	ECA1260	4456377	0
ECA1261	ECA1261	4456377	0
ECA1269	ECA1269	4456377	95.7960501932545
ECA1271	ECA1271	4456377	86.5660930207235
ECA1276	ECA1276	4456377	125.600247289702
ECA1278	ECA1278	4456377	0
ECA1281	ECA1281	4456377	0
ECA1283	ECA1283	4456377	0
ECA1284	ECA1284	4456377	88.0044179389199
ECA1286	ECA1286	4456377	0
ECA1287	ECA1287	4456377	77.10801856179
ECA1288	ECA1288	4456377	63.5511583397932
ECA1289	ECA1289	4456377	64.0775461200379
ECA1293	ECA1293	4456377	87.4083851633444
ECA1298	ECA1298	4456377	73.9472885235182
ECA1316	ECA1316	4456377	88.206434159512
ECA1409	ECA1409	4456377	57.3509561750533
ECA1413	ECA1413	4456377	83.3876617282295
ECA1493	ECA1493	4456377	0
ECA1693	ECA1693	4456377	102.649848020136
ECA1713	ECA1713	4456377	0
ECA1717	ECA1717	4456377	0
ECA1725	ECA1725	4456377	0
ECA1751	ECA1751	4456377	78.6068318821166
ECA1757	ECA1757	4456377	75.3252520486542
ECA1761	ECA1761	4456377	0
ECA1769	ECA1769	4456377	47.9893692924267
ECA1793	ECA1793	4456377	0
ECA1805	ECA1805	4456377	87.5681483544908
ECA1807	ECA1807	4456377	86.092885124043
ECA1815	ECA1815	4456377	61.0679970898036
ECA1821	ECA1821	4456377	0
ECA1825	ECA1825	4456377	51.3769077637691
ECA1843	ECA1843	4456377	85.7222431371345
ECA1851	ECA1851	4456377	0
ECA1853	ECA1853	4456377	73.6790317539988
ECA1875	ECA1875	4456377	99.1210074809747
ECA1885	ECA1885	4456377	0
ECA1887	ECA1887	4456377	83.8189921151869
ECA1889	ECA1889	4456377	65.545098517753
ECA1891	ECA1891	4456377	0
ECA189	ECA189	4456377	51.0948080581101
ECA1901	ECA1901	4456377	67.8836252124529
ECA1919	ECA1919	4456377	0
ECA191	ECA191	4456377	33.1292050593973
ECA1925	ECA1925	4456377	0
ECA1937	ECA1937	4456377	0
ECA1939	ECA1939	4456377	88.1671949617817
ECA1943	ECA1943	4456377	74.4503775155743
ECA1969	ECA1969	4456377	0
ECA1977	ECA1977	4456377	63.7111501828656
ECA1997	ECA1997	4456377	0
ECA2041	ECA2041	4456377	103.346134278416
ECA2043	ECA2043	4456377	0
ECA2073	ECA2073	4456377	95.235609615412
ECA2081	ECA2081	4456377	0
ECA2091	ECA2091	4456377	0
ECA2109	ECA2109	4456377	0
ECA2111	ECA2111	4456377	102.429480306117
ECA2151	ECA2151	4456377	103.10264337454
ECA2155	ECA2155	4456377	0
ECA2159	ECA2159	4456377	0
ECA2183	ECA2183	4456377	0
ECA2187	ECA2187	4456377	0
ECA2191	ECA2191	4456377	0
ECA2195	ECA2195	4456377	0
ECA2199	ECA2199	4456377	0
ECA2251	ECA2251	4456377	76.4833054537329
ECA2281	ECA2281	4456377	0
ECA2291	ECA2291	4456377	0
ECA2332	ECA2332	4456377	63.57110117018
ECA2334	ECA2334	4456377	92.2060291192729
ECA2336	ECA2336	4456377	46.7383512544803
ECA2344	ECA2344	4456377	98.4457768307538
ECA2350	ECA2350	4456377	93.7561072386695
ECA2360	ECA2360	4456377	0
ECA2367	ECA2367	4456377	48.2556090003757
ECA2377	ECA2377	4456377	107.098390389693
ECA2417	ECA2417	4456377	0
ECA2437	ECA2437	4456377	85.7596902899177
ECA243	CB4851	4456377	74.765134433475
ECA2443	ECA2443	4456377	105.595070449051
ECA2452	ECA2452	4456377	96.2736190060292
ECA2467	ECA2467	4456377	70.839043107161
ECA246	CB4853	4456377	36.9531029428549
ECA2473	ECA2473	4456377	83.7283990736435
ECA2475	ECA2475	4456377	78.5350918774702
ECA2481	ECA2481	4456377	70.0159628500943
ECA2482	ECA2482	4456377	80.8150998296292
ECA2489	ECA2489	4456377	0
ECA248	CB4855	4456377	76.3950825795347
ECA250	CB4857	4456377	75.1608130606089
ECA251	CB4858	4456377	65.4356995206759
ECA2522	ECA2522	4456377	104.094373770233
ECA2523	ECA2523	4456377	121.92492623757
ECA2527	ECA2527	4456377	140.181077324698
ECA2529	ECA2529	4456377	73.6743091888269
ECA2533	ECA2533	4456377	56.5177823962815
ECA2536	ECA2536	4456377	59.6043209636216
ECA2546	ECA2546	4456377	102.296143772287
ECA2549	ECA2549	4456377	106.791966002226
ECA2551	ECA2551	4456377	60.3767644511249
ECA2554	ECA2554	4456377	75.6546931623591
ECA2555	ECA2555	4456377	80.1319810443331
ECA2559	ECA2559	4456377	59.0645811181376
ECA2560	ECA2560	4456377	48.7859463686246
ECA2561	ECA2561	4456377	95.776671588432
ECA2565	ECA2565	4456377	126.389951195717
ECA2568	ECA2568	4456377	109.522265315917
ECA2581	ECA2581	4456377	38.6177603705324
ECA2583	ECA2583	4456377	87.7967389164125
ECA2584	ECA2584	4456377	74.6738755523848
ECA2594	ECA2594	4456377	84.7463373343756
ECA2595	ECA2595	4456377	108.147041243276
ECA259	PB306	4456377	55.2322042855861
ECA2601	ECA2601	4456377	49.8935715776017
ECA2602	ECA2602	4456377	77.1176259040719
ECA2603	ECA2603	4456377	96.1262180494044
ECA2607	ECA2607	4456377	73.7358677674723
ECA2609	ECA2609	4456377	103.800492165872
ECA2612	ECA2612	4456377	83.9689519544258
ECA2615	ECA2615	4456377	101.528918663426
ECA2641	ECA2641	4456377	112.033979426144
ECA2648	ECA2648	4456377	63.8549011685502
ECA2656	ECA2656	4456377	129.073097875169
ECA2659	ECA2659	4456377	94.4880334321418
ECA2660	ECA2660	4456377	128.510547624121
ECA2672	ECA2672	4456377	60.4792644028094
ECA2676	ECA2676	4456377	93.8754967986966
ECA347	ECA347	4456377	0
ECA348	ECA348	4456377	80.1214968508644
ECA349	ECA349	4456377	70.108391251202
ECA363	ECA363	4456377	0
ECA369	ECA369	4456377	94.433760383502
ECA36	ECA36	4456377	0
ECA372	ECA372	4456377	84.4509729896695
ECA396	ECA396	4456377	55.5760822440536
ECA592	ECA592	4456377	75.5290362495531
ECA593	ECA593	4456377	65.7279047110563
ECA594	ECA594	4456377	93.4039925502047
ECA640	ECA640	4456377	96.1192126862699
ECA701	ECA701	4456377	71.2727230596332
ECA703	ECA703	4456377	0
ECA705	ECA705	4456377	81.3636442612044
ECA706	ECA706	4456377	0
ECA710	ECA710	4456377	115.483916951322
ECA712	ECA712	4456377	70.450868852633
ECA722	ECA722	4456377	81.3734334778709
ECA723	ECA723	4456377	0
ECA724	ECA724	4456377	0
ECA730	ECA730	4456377	0
ECA732	ECA732	4456377	50.2482720473794
ECA733	ECA733	4456377	0
ECA738	ECA738	4456377	48.808863356201
ECA740	ECA740	4456377	0
ECA741	ECA741	4456377	0
ECA742	ECA742	4456377	0
ECA743	ECA743	4456377	34.45038938289
ECA744	ECA744	4456377	0
ECA745	ECA745	4456377	52.295257155981
ECA746	ECA746	4456377	0
ECA760	ECA760	4456377	82.7934443617898
ECA768	ECA768	4456377	0
ECA777	ECA777	4456377	63.9917339399826
ECA778	ECA778	4456377	90.2870813397129
ECA807	ECA807	4456377	0
ECA812	ECA812	4456377	0
ECA923	ECA923	4456377	99.1542595969547
ECA928	ECA928	4456377	66.0043776738633
ECA930	ECA930	4456377	54.8927330452893
ED3005	ED3005	4456377	56.0974937559211
ED3011	ED3011	4456377	55.462053836199
ED3012	ED3012	4456377	34.7786472599777
ED3017	ED3017	4456377	55.2258672169588
ED3040	ED3040	4456377	49.9150953358087
ED3046	ED3046	4456377	70.931420188302
ED3048	ED3048	4456377	49.4305246094722
ED3049	ED3049	4456377	61.6056301316304
ED3052	ED3052	4456377	55.7009002388388
ED3073	ED3073	4456377	62.0112912592705
ED3077	ED3077	4456377	59.5272782979633
EG4347	EG4347	4456377	43.6488119793589
EG4349	EG4349	4456377	72.0091844935135
EG4724	EG4724	4456377	66.4738283446897
EG4725	EG4725	4456377	52.0337261338507
EG4946	EG4946	4456377	48.5640711631536
GXW1	GXW1	4456377	44.6845880948023
JR4305	JR4305	4456377	78.962873091174
JT11398	JT11398	4456377	62.4133291938322
JU1088	JU1088	4456377	60.3873997639986
JU1172	JU1172	4456377	46.3733393544765
JU1200	JU1200	4456377	44.0033588102848
JU1212	JU1212	4456377	42.1382202562188
JU1213	JU1213	4456377	47.4999081138128
JU1242	JU1242	4456377	69.2058679647536
JU1246	JU1246	4456377	52.2855142212491
JU1249	JU1249	4456377	67.1128038236587
JU1395	JU1395	4456377	35.071235721703
JU1400	JU1400	4456377	50.8775453636119
JU1409	JU1409	4456377	52.5689891915857
JU1440	JU1440	4456377	53.9738549557324
JU1491	JU1491	4456377	47.0354931538745
JU1530	JU1530	4456377	83.055895061197
JU1543	JU1543	4456377	77.9723506413028
JU1568	JU1568	4456377	71.4804952630789
JU1581	JU1581	4456377	47.9699872737556
JU1586	JU1586	4456377	53.433270075308
JU1652	JU1652	4456377	83.9050753136955
JU1666	JU1666	4456377	60.1433720167587
JU1792	JU1792	4456377	84.4394041218637
JU1793	JU1793	4456377	64.8458558107632
JU1808	JU1808	4456377	59.9725182834776
JU1896	JU1896	4456377	0
JU1934	JU1934	4456377	52.5688598894256
JU2001	JU2001	4456377	58.0548564847656
JU2007	JU2007	4456377	52.1357639151529
JU2016	JU2016	4456377	66.8551158408159
JU2017	JU2017	4456377	63.2632956768811
JU2106	JU2106	4456377	0
JU2131	JU2131	4456377	60.2439547755053
JU2141	JU2141	4456377	50.2667111185198
JU2234	JU2234	4456377	70.4803085193408
JU2250	JU2250	4456377	82.1593472661684
JU2257	JU2257	4456377	47.4478040812657
JU2316	JU2316	4456377	80.584196530114
JU2464	JU2464	4456377	45.2995833535839
JU2466	JU2466	4456377	89.8422465501883
JU2478	JU2478	4456377	65.0765158454959
JU2513	JU2513	4456377	72.347290617666
JU2519	JU2519	4456377	69.116192871129
JU2522	JU2522	4456377	96.8763030953027
JU2526	JU2526	4456377	53.5215929996365
JU2534	JU2534	4456377	97.2227206117411
JU2565	JU2565	4456377	60.8156042391647
JU2566	JU2566	4456377	79.1519589213014
JU2570	JU2570	4456377	86.9298526585522
JU2572	JU2572	4456377	59.8090846755838
JU2575	JU2575	4456377	58.2485908129543
JU2576	JU2576	4456377	76.4063540845059
JU2578	JU2578	4456377	70.6570978827714
JU2581	JU2581	4456377	56.1581935517247
JU2586	JU2586	4456377	74.1978863191708
JU2587	JU2587	4456377	52.7792068652774
JU258	JU258	4456377	0
JU2592	JU2592	4456377	67.8238925433829
JU2593	JU2593	4456377	73.6149777454473
JU2600	JU2600	4456377	59.3613637501748
JU2610	JU2610	4456377	96.2109589988062
JU2619	JU2619	4456377	73.9429839375628
JU2800	JU2800	4456377	69.4095263769077
JU2811	JU2811	4456377	57.9232406878778
JU2825	JU2825	4456377	62.4347804482135
JU2829	JU2829	4456377	67.6151836373917
JU2838	JU2838	4456377	44.1150244172033
JU2841	JU2841	4456377	50.3957688532944
JU2853	JU2853	4456377	72.0835101033485
JU2862	JU2862	4456377	48.7528004249718
JU2866	JU2866	4456377	83.7766326888349
JU2878	JU2878	4456377	66.1304154480421
JU2879	JU2879	4456377	73.4608785818095
JU2906	JU2906	4456377	55.3382078853046
JU2907	JU2907	4456377	36.41121994592
JU310	JU310	4456377	63.3421119796901
JU311	JU311	4456377	77.0437331560454
JU3125	JU3125	4456377	68.6955893375923
JU3127	JU3127	4456377	98.9737056179735
JU3128	JU3128	4456377	93.131727225097
JU3132	JU3132	4456377	80.7838030915473
JU3134	JU3134	4456377	74.0620970547904
JU3135	JU3135	4456377	53.363390938281
JU3137	JU3137	4456377	98.476447747042
JU3140	JU3140	4456377	85.465281058101
JU3141	JU3141	4456377	69.4728007767288
JU3144	JU3144	4456377	53.3007186106207
JU3166	JU3166	4456377	61.8270887968099
JU3167	JU3167	4456377	73.8989292354341
JU3169	JU3169	4456377	60.6811222257867
JU3224	JU3224	4456377	60.7891679501756
JU3225	JU3225	4456377	99.166895039737
JU3226	JU3226	4456377	0
JU3228	JU3228	4456377	62.1025508706479
JU323	JU323	4456377	67.5901731205946
JU3280	JU3280	4456377	75.6600161693506
JU3282	JU3282	4456377	68.3202913958068
JU3291	JU3291	4456377	79.4693851527023
JU3318	JU3318	4456377	63.010855294089
JU346	JU346	4456377	53.2441876384239
JU360	JU360	4456377	96.7582345622421
JU367	JU367	4456377	67.8307840085599
JU3795	JU3795	4456377	90.2484856784496
JU393	JU393	4456377	61.9590075576651
JU394	JU394	4456377	62.4061111449266
JU397	JU397	4456377	60.6431209871481
JU4047	JU4047	4456377	96.81981543433
JU406	JU406	4456377	56.8447443824461
JU4073	JU4073	4456377	88.3354291052265
JU4082	JU4082	4456377	106.611411721638
JU4098	JU4098	4456377	128.685802285884
JU4161	JU4161	4456377	78.989482676534
JU440	JU440	4456377	67.4175495279787
JU561	JU561	4456377	67.1316534078338
JU642	JU642	4456377	2.44639841422867
JU751	JU751	4456377	43.1732600345997
JU774	JU774	4456377	58.4049903325663
JU775	JU775	4456377	68.7986491263402
JU778	JU778	4456377	49.825817555938
JU782	JU782	4456377	88.3538194660959
JU792	JU792	4456377	67.8461903482733
JU830	JU830	4456377	45.2136609745939
JU847	JU847	4456377	53.246948844456
KR314	KR314	4456377	75.5304446792943
LKC34	LKC34	4456377	68.467132693922
MY10	MY10	4456377	46.9984165449942
MY16	MY16	4456377	83.1225802926867
MY18	MY18	4456377	0
MY1	MY1	4456377	80.293954490942
MY2147	MY2147	4456377	89.781538041658
MY2212	MY2212	4456377	70.9832134292566
MY23	MY23	4456377	38.237996564193
MY2453	MY2453	4456377	72.0198100344208
MY2530	MY2530	4456377	75.7256148703964
MY2535	MY2535	4456377	48.287625117824
MY2573	MY2573	4456377	69.1517983284125
MY2585	MY2585	4456377	65.024375605347
MY2693	MY2693	4456377	61.9158166644588
MY2713	MY2713	4456377	88.6291247496158
MY2741	MY2741	4456377	58.0075602360894
MY518	MY518	4456377	60.9768946690649
MY679	MY679	4456377	75.8113543904558
MY772	MY772	4456377	76.9040447823307
MY795	MY795	4456377	57.5005649877115
MY920	MY920	4456377	62.1480711976093
N2	N2	4456377	70.8952884547962
NIC1049	NIC1049	4456377	88.8411503487812
NIC1107	NIC1107	4456377	83.9165379925289
NIC1119	NIC1119	4456377	76.1458741283267
NIC166	NIC166	4456377	64.1967224748042
NIC1698	NIC1698	4456377	53.1263763880469
NIC1700	NIC1700	4456377	99.6555902593278
NIC1772	NIC1772	4456377	97.0094471026359
NIC1773	NIC1773	4456377	91.8315121468825
NIC1775	NIC1775	4456377	98.8835994439062
NIC1779	NIC1779	4456377	67.5082027615381
NIC1780	NIC1780	4456377	97.9276427874662
NIC1782	NIC1782	4456377	90.9003576218829
NIC1783	NIC1783	4456377	112.245712100354
NIC1785	NIC1785	4456377	84.3934208301508
NIC1786	NIC1786	4456377	103.848607271954
NIC1787	NIC1787	4456377	62.1187286610759
NIC1788	NIC1788	4456377	59.0330587179696
NIC1789	NIC1789	4456377	90.1679332146253
NIC1790	NIC1790	4456377	0
NIC1791	NIC1791	4456377	80.5148715324327
NIC1792	NIC1792	4456377	112.954419714071
NIC1794	NIC1794	4456377	73.9265491117609
NIC1796	NIC1796	4456377	91.4402506140862
NIC1798	NIC1798	4456377	75.1237087511929
NIC1799	NIC1799	4456377	59.8245424277459
NIC1801	NIC1801	4456377	102.613836959527
NIC1802	NIC1802	4456377	70.3402910337803
NIC1805	NIC1805	4456377	65.548086645215
NIC1806	NIC1806	4456377	99.947857720291
NIC1808	NIC1808	4456377	83.264714852089
NIC1809	NIC1809	4456377	98.7818186837287
NIC1810	NIC1810	4456377	0
NIC1811	NIC1811	4456377	92.2827468481994
NIC1812	NIC1812	4456377	65.2416242631458
NIC1832	NIC1832	4456377	65.8578078113555
NIC195	NIC195	4456377	0
NIC199	NIC199	4456377	68.5472810677205
NIC1	NIC1	4456377	48.1198728186416
NIC2021	NIC2021	4456377	95.9805017594392
NIC2076	NIC2076	4456377	88.3855818770396
NIC207	NIC207	4456377	54.497456948855
NIC231	NIC231	4456377	52.1210078514236
NIC236	NIC236	4456377	37.9030061799518
NIC242	NIC242	4456377	75.8637027843525
NIC251	NIC251	4456377	0
NIC252	NIC252	4456377	52.4251113031604
NIC255	NIC255	4456377	65.1688099727045
NIC256	NIC256	4456377	79.747237151026
NIC258	NIC258	4456377	73.23235088939
NIC259	NIC259	4456377	67.6796809508555
NIC260	NIC260	4456377	56.271084308075
NIC261	NIC261	4456377	67.9523773754977
NIC262	NIC262	4456377	135.947473416745
NIC265	NIC265	4456377	0
NIC266	NIC266	4456377	63.9528992593676
NIC267	NIC267	4456377	93.3649543852707
NIC268	NIC268	4456377	75.6755983304861
NIC269	NIC269	4456377	65.1745564794526
NIC271	NIC271	4456377	39.6463318432816
NIC272	NIC272	4456377	47.9954373430481
NIC274	NIC274	4456377	59.366022047463
NIC275	NIC275	4456377	83.73481430059
NIC276	NIC276	4456377	62.6405774856754
NIC277	NIC277	4456377	88.0003307368866
NIC2	NIC2	4456377	69.5343050124422
NIC3	NIC3	4456377	63.6171110498044
NIC501	NIC501	4456377	56.3416684831689
NIC511	NIC511	4456377	70.0314553857348
NIC513	NIC513	4456377	59.215361741521
NIC514	NIC514	4456377	66.7251266690297
NIC515	NIC515	4456377	50.3258456196958
NIC522	NIC522	4456377	58.1049805492456
NIC523	NIC523	4456377	76.9709919390032
NIC526	NIC526	4456377	0
NIC527	NIC527	4456377	78.9756572773212
NIC528	NIC528	4456377	0
NIC529	NIC529	4456377	64.5966133161565
PB303	PB303	4456377	60.4525453496869
PS2025	PS2025	4456377	50.5629322537217
PX179	PX179	4456377	62.0104647443222
QG2075	QG2075	4456377	55.2497780647244
QG2811	QG2811	4456377	46.7277317889957
QG2813	QG2813	4456377	72.7696340718929
QG2818	QG2818	4456377	72.5767842235931
QG2823	QG2823	4456377	86.1840468717749
QG2824	QG2824	4456377	67.3948457141154
QG2825	QG2825	4456377	34.7865853658537
QG2827	QG2827	4456377	51.2763673956733
QG2828	QG2828	4456377	52.2539458328356
QG2832	QG2832	4456377	36.0404993554593
QG2835	QG2835	4456377	64.2176891995878
QG2836	QG2836	4456377	102.806827883828
QG2837	QG2837	4456377	84.9664286548784
QG2838	QG2838	4456377	84.1680972420625
QG2841	QG2841	4456377	67.3413330554273
QG2843	QG2843	4456377	70.1677956461037
QG2846	QG2846	4456377	67.526990383801
QG2850	QG2850	4456377	84.1501499940494
QG2854	QG2854	4456377	90.0627198513308
QG2855	QG2855	4456377	51.4532639251279
QG2857	QG2857	4456377	67.2304490980235
QG2873	QG2873	4456377	67.1436834413798
QG2874	QG2874	4456377	70.0307512432632
QG2875	QG2875	4456377	83.7074057667107
QG2877	QG2877	4456377	63.00668616799
QG2932	QG2932	4456377	62.3960357420616
QG4003	QG4003	4456377	72.3264343463618
QG4004	QG4004	4456377	121.990358358898
QG4006	QG4006	4456377	73.8374825990813
QG4008	QG4008	4456377	77.6610265523192
QG4010	QG4010	4456377	85.0718791292522
QG4012	QG4012	4456377	73.1097184419386
QG4015	QG4015	4456377	81.5173005358899
QG4017	QG4017	4456377	70.1304487024598
QG4018	QG4018	4456377	82.6437386208487
QG4021	QG4021	4456377	98.0222057434251
QG4080	QG4080	4456377	54.203895082973
QG4103	QG4103	4456377	95.839094610367
QG4135	QG4135	4456377	112.80068033904
QG4138	QG4138	4456377	56.8765521360536
QG4147	QG4147	4456377	74.5766790898418
QG4151	QG4151	4456377	54.9889686845719
QG4193	QG4193	4456377	48.2460701571937
QG4226	QG4226	4456377	71.00863422292
QG4228	QG4228	4456377	79.0597522904155
QG536	QG536	4456377	77.4624169061842
QG556	QG556	4456377	62.0402584949539
QG557	QG557	4456377	58.7355117747459
QW947	QW947	4456377	48.2904342609633
QX1211	QX1211	4456377	0
QX1212	QX1212	4456377	54.6984953838283
QX1233	QX1233	4456377	67.5433095053725
QX1791	QX1791	4456377	58.4889230116478
QX1792	QX1792	4456377	71.6046991189152
QX1793	QX1793	4456377	42.8239501903365
QX1794	QX1794	4456377	52.5852575375824
RC301	RC301	4456377	51.3639907944342
TWN2530	TWN2530	4456377	74.9665529412149
TWN2542	TWN2542	4456377	78.232577530361
WN2001	WN2001	4456377	0
WN2002	WN2002	4456377	0
WN2033	WN2033	4456377	72.0261492208717
WN2050	WN2050	4456377	79.1464045902262
WN2063	WN2063	4456377	84.7571365832236
WN2064	WN2064	4456377	86.2123467103556
WN2066	WN2066	4456377	70.3397916710684
WN2068	WN2068	4456377	70.4542357041335
WN2069	WN2069	4456377	65.1663405088063
WN2082	WN2082	4456377	53.672431516346
WN2086	WN2086	4456377	119.277048863478
WN2107	WN2107	4456377	88.6434750798591
WN2117	WN2117	4456377	125.845506684066
XZ1513	XZ1513	4456377	57.3370727765365
XZ1514	XZ1514	4456377	0
XZ1515	XZ1515	4456377	65.2678364616045
XZ1516	XZ1516	4456377	0
XZ1672	XZ1672	4456377	86.0373404520471
XZ1734	XZ1734	4456377	108.889162060104
XZ1735	XZ1735	4456377	52.966921086486
XZ1756	XZ1756	4456377	73.6456159521823
XZ2018	XZ2018	4456377	116.714976260923
XZ2019	XZ2019	4456377	68.3797284539054
XZ2020	XZ2020	4456377	109.119720159453
XZ2211	XZ2211	4456377	42.4886958972192
AB1	AB1	4457096	95.9228680219916
BRC20067	BRC20067	4457096	46.3604497422284
BRC20263	BRC20263	4457096	72.8732639513223
CB4852	CB4852	4457096	70.2178953469989
CB4854	CB4854	4457096	60.0309864153131
CB4856	CB4856	4457096	0
CB4932	CB4932	4457096	73.1741662540626
CX11254	CX11254	4457096	73.1442406383844
CX11262	CX11262	4457096	92.9341126346295
CX11264	CX11264	4457096	62.1709848120404
CX11271	CX11271	4457096	94.2457026084866
CX11276	CX11276	4457096	51.8272596547714
CX11285	CX11285	4457096	107.352697587833
CX11292	CX11292	4457096	45.1762674355342
CX11307	CX11307	4457096	58.5254468053406
CX11314	CX11314	4457096	86.4907500358526
CX11315	CX11315	4457096	100.270748014996
DL200	DL200	4457096	103.271303647872
DL226	DL226	4457096	103.618435181719
DL238	DL238	4457096	0
ECA1069	ECA1069	4457096	57.3353448752593
ECA1074	ECA1074	4457096	37.177590436228
ECA1185	ECA1185	4457096	0
ECA1186	ECA1186	4457096	0
ECA1187	ECA1187	4457096	0
ECA1191	ECA1191	4457096	0
ECA1192	ECA1192	4457096	0
ECA1193	ECA1193	4457096	0
ECA1194	ECA1194	4457096	0
ECA1195	ECA1195	4457096	0
ECA1196	ECA1196	4457096	0
ECA1200	ECA1200	4457096	117.256490821895
ECA1202	ECA1202	4457096	56.8254257057732
ECA1206	ECA1206	4457096	0
ECA1208	ECA1208	4457096	41.7504541381375
ECA1212	ECA1212	4457096	40.2474955148945
ECA1216	ECA1216	4457096	0
ECA1223	ECA1223	4457096	11.2271491864924
ECA1225	ECA1225	4457096	58.2314994176609
ECA1228	ECA1228	4457096	0
ECA1229	ECA1229	4457096	0
ECA1232	ECA1232	4457096	0
ECA1237	ECA1237	4457096	0
ECA1238	ECA1238	4457096	0
ECA1240	ECA1240	4457096	0
ECA1242	ECA1242	4457096	0
ECA1243	ECA1243	4457096	0
ECA1247	ECA1247	4457096	32.5625384130149
ECA1251	ECA1251	4457096	0
ECA1252	ECA1252	4457096	0
ECA1253	ECA1253	4457096	0
ECA1255	ECA1255	4457096	123.767605633803
ECA1257	ECA1257	4457096	90.9973344062767
ECA1260	ECA1260	4457096	0
ECA1261	ECA1261	4457096	0
ECA1269	ECA1269	4457096	0
ECA1271	ECA1271	4457096	0
ECA1276	ECA1276	4457096	56.8755836783557
ECA1278	ECA1278	4457096	0
ECA1281	ECA1281	4457096	0
ECA1283	ECA1283	4457096	0
ECA1284	ECA1284	4457096	34.343187488359
ECA1286	ECA1286	4457096	0
ECA1287	ECA1287	4457096	0
ECA1288	ECA1288	4457096	50.249753105883
ECA1289	ECA1289	4457096	34.1746912640202
ECA1293	ECA1293	4457096	36.6551292620477
ECA1298	ECA1298	4457096	72.1866387967677
ECA1316	ECA1316	4457096	129.904021216736
ECA1409	ECA1409	4457096	62.1302025229744
ECA1413	ECA1413	4457096	88.4414594087283
ECA1493	ECA1493	4457096	0
ECA1693	ECA1693	4457096	24.884811641245
ECA1713	ECA1713	4457096	0
ECA1717	ECA1717	4457096	0
ECA1725	ECA1725	4457096	0
ECA1751	ECA1751	4457096	52.4045545880777
ECA1757	ECA1757	4457096	119.264982410369
ECA1761	ECA1761	4457096	0
ECA1769	ECA1769	4457096	17.99601348466
ECA1793	ECA1793	4457096	0
ECA1805	ECA1805	4457096	44.7570536034064
ECA1807	ECA1807	4457096	35.5601047251482
ECA1815	ECA1815	4457096	81.4239961197381
ECA1821	ECA1821	4457096	0
ECA1825	ECA1825	4457096	37.8566688785667
ECA1843	ECA1843	4457096	0
ECA1851	ECA1851	4457096	0
ECA1853	ECA1853	4457096	68.5386341897664
ECA1875	ECA1875	4457096	104.43106145317
ECA1885	ECA1885	4457096	0
ECA1887	ECA1887	4457096	127.82396297566
ECA1889	ECA1889	4457096	65.545098517753
ECA1891	ECA1891	4457096	0
ECA189	ECA189	4457096	102.18961611622
ECA1901	ECA1901	4457096	70.1464127195346
ECA1919	ECA1919	4457096	0
ECA191	ECA191	4457096	22.0861367062648
ECA1925	ECA1925	4457096	0
ECA1937	ECA1937	4457096	0
ECA1939	ECA1939	4457096	23.0914082042762
ECA1943	ECA1943	4457096	20.77684953923
ECA1969	ECA1969	4457096	0
ECA1977	ECA1977	4457096	61.5142139696633
ECA1997	ECA1997	4457096	0
ECA2041	ECA2041	4457096	55.2781648465946
ECA2043	ECA2043	4457096	0
ECA2073	ECA2073	4457096	17.8566768028898
ECA2081	ECA2081	4457096	0
ECA2091	ECA2091	4457096	0
ECA2109	ECA2109	4457096	0
ECA2111	ECA2111	4457096	88.0893530632602
ECA2151	ECA2151	4457096	84.8312888524699
ECA2155	ECA2155	4457096	0
ECA2159	ECA2159	4457096	0
ECA2183	ECA2183	4457096	0
ECA2187	ECA2187	4457096	0
ECA2191	ECA2191	4457096	0
ECA2195	ECA2195	4457096	0
ECA2199	ECA2199	4457096	0
ECA2251	ECA2251	4457096	0
ECA2281	ECA2281	4457096	0
ECA2291	ECA2291	4457096	0
ECA2332	ECA2332	4457096	37.5647416005609
ECA2334	ECA2334	4457096	105.012422052505
ECA2336	ECA2336	4457096	85.1305683563748
ECA2344	ECA2344	4457096	60.337734186591
ECA2350	ECA2350	4457096	56.2536643432017
ECA2360	ECA2360	4457096	0
ECA2367	ECA2367	4457096	0
ECA2377	ECA2377	4457096	58.6010060622848
ECA2417	ECA2417	4457096	0
ECA2437	ECA2437	4457096	0
ECA243	CB4851	4457096	74.765134433475
ECA2443	ECA2443	4457096	34.0629259513069
ECA2452	ECA2452	4457096	6.63955993145029
ECA2467	ECA2467	4457096	0
ECA246	CB4853	4457096	78.2536297613397
ECA2473	ECA2473	4457096	33.4913596294574
ECA2475	ECA2475	4457096	28.7702811828356
ECA2481	ECA2481	4457096	0
ECA2482	ECA2482	4457096	27.7080342273014
ECA2489	ECA2489	4457096	0
ECA248	CB4855	4457096	73.4568101726295
ECA250	CB4857	4457096	95.3964165769267
ECA251	CB4858	4457096	65.4356995206759
ECA2522	ECA2522	4457096	62.4566242621398
ECA2523	ECA2523	4457096	49.4290241503661
ECA2527	ECA2527	4457096	117.294370822706
ECA2529	ECA2529	4457096	39.9946249882203
ECA2533	ECA2533	4457096	88.5445257541744
ECA2536	ECA2536	4457096	81.2786194958477
ECA2546	ECA2546	4457096	68.9904225441005
ECA2549	ECA2549	4457096	64.4142017156284
ECA2551	ECA2551	4457096	86.6275316037879
ECA2554	ECA2554	4457096	93.6677153438732
ECA2555	ECA2555	4457096	90.1484786748747
ECA2559	ECA2559	4457096	75.9401757233197
ECA2560	ECA2560	4457096	108.413214152499
ECA2561	ECA2561	4457096	64.9913128635789
ECA2565	ECA2565	4457096	72.8348871297351
ECA2568	ECA2568	4457096	70.4071705602325
ECA2581	ECA2581	4457096	60.0720716874949
ECA2583	ECA2583	4457096	84.4199412657813
ECA2584	ECA2584	4457096	55.1164319553317
ECA2594	ECA2594	4457096	82.7285673978429
ECA2595	ECA2595	4457096	81.8410041841005
ECA259	PB306	4457096	62.1362298212844
ECA2601	ECA2601	4457096	54.6005122924698
ECA2602	ECA2602	4457096	81.9374775230764
ECA2603	ECA2603	4457096	91.1966684058452
ECA2607	ECA2607	4457096	83.9769605129545
ECA2609	ECA2609	4457096	79.5067599568379
ECA2612	ECA2612	4457096	50.3813711726555
ECA2615	ECA2615	4457096	85.9090850228992
ECA2641	ECA2641	4457096	106.761792159031
ECA2648	ECA2648	4457096	68.2586874560364
ECA2656	ECA2656	4457096	19.2236528750252
ECA2659	ECA2659	4457096	92.4339457488344
ECA2660	ECA2660	4457096	64.2552738120605
ECA2672	ECA2672	4457096	67.457641064672
ECA2676	ECA2676	4457096	53.6431410278267
ECA347	ECA347	4457096	0
ECA348	ECA348	4457096	72.8377244098767
ECA349	ECA349	4457096	66.9216461943292
ECA363	ECA363	4457096	0
ECA369	ECA369	4457096	0
ECA36	ECA36	4457096	0
ECA372	ECA372	4457096	57.1285993753647
ECA396	ECA396	4457096	7.93944032057909
ECA592	ECA592	4457096	73.5923942944364
ECA593	ECA593	4457096	77.6784328403393
ECA594	ECA594	4457096	44.9057656491369
ECA640	ECA640	4457096	93.8306600032635
ECA701	ECA701	4457096	0
ECA703	ECA703	4457096	0
ECA705	ECA705	4457096	77.665296794786
ECA706	ECA706	4457096	0
ECA710	ECA710	4457096	100.086061357812
ECA712	ECA712	4457096	108.878615499524
ECA722	ECA722	4457096	33.5067079026527
ECA723	ECA723	4457096	0
ECA724	ECA724	4457096	0
ECA730	ECA730	4457096	0
ECA732	ECA732	4457096	35.5925260335604
ECA733	ECA733	4457096	0
ECA738	ECA738	4457096	106.106224687393
ECA740	ECA740	4457096	0
ECA741	ECA741	4457096	0
ECA742	ECA742	4457096	0
ECA743	ECA743	4457096	77.9666707086459
ECA744	ECA744	4457096	0
ECA745	ECA745	4457096	40.9881745276608
ECA746	ECA746	4457096	0
ECA760	ECA760	4457096	70.0559913830529
ECA768	ECA768	4457096	0
ECA777	ECA777	4457096	50.279219524272
ECA778	ECA778	4457096	81.4354066985646
ECA807	ECA807	4457096	0
ECA812	ECA812	4457096	0
ECA923	ECA923	4457096	61.9714122480967
ECA928	ECA928	4457096	36.0023878221073
ECA930	ECA930	4457096	35.518827264599
ED3005	ED3005	4457096	77.9131857721127
ED3011	ED3011	4457096	77.1645966416681
ED3012	ED3012	4457096	76.513023971951
ED3017	ED3017	4457096	76.9217436236212
ED3040	ED3040	4457096	43.0302545998351
ED3046	ED3046	4457096	95.1974323579843
ED3048	ED3048	4457096	60.4150856337994
ED3049	ED3049	4457096	82.8489508666754
ED3052	ED3052	4457096	120.385816645232
ED3073	ED3073	4457096	75.7915782057751
ED3077	ED3077	4457096	104.172737021436
EG4347	EG4347	4457096	78.567861562846
EG4349	EG4349	4457096	63.7004324365696
EG4724	EG4724	4457096	102.2674282226
EG4725	EG4725	4457096	70.6171997530831
EG4946	EG4946	4457096	57.6698345062449
GXW1	GXW1	4457096	105.140207281888
JR4305	JR4305	4457096	81.5949688608798
JT11398	JT11398	4457096	78.8378895079986
JU1088	JU1088	4457096	54.5434578513536
JU1172	JU1172	4457096	64.0393733942771
JU1200	JU1200	4457096	69.4789875951865
JU1212	JU1212	4457096	67.4211524099501
JU1213	JU1213	4457096	79.1665135230214
JU1242	JU1242	4457096	43.708969240897
JU1246	JU1246	4457096	72.395327383268
JU1249	JU1249	4457096	90.7996757614206
JU1395	JU1395	4457096	135.27476635514
JU1400	JU1400	4457096	93.2754998332885
JU1409	JU1409	4457096	79.8269835872228
JU1440	JU1440	4457096	79.0331447566082
JU1491	JU1491	4457096	102.25107207364
JU1530	JU1530	4457096	65.7525835901143
JU1543	JU1543	4457096	83.3497541338064
JU1568	JU1568	4457096	61.949762561335
JU1581	JU1581	4457096	29.3149922228507
JU1586	JU1586	4457096	83.1184201171458
JU1652	JU1652	4457096	93.5864301575835
JU1666	JU1666	4457096	71.7094050969046
JU1792	JU1792	4457096	71.7734935035842
JU1793	JU1793	4457096	67.0819198042378
JU1808	JU1808	4457096	79.0546831918568
JU1896	JU1896	4457096	0
JU1934	JU1934	4457096	80.1049293553153
JU2001	JU2001	4457096	72.176308062141
JU2007	JU2007	4457096	0
JU2016	JU2016	4457096	74.8777297417138
JU2017	JU2017	4457096	71.5150298956047
JU2106	JU2106	4457096	0
JU2131	JU2131	4457096	56.8970683990884
JU2141	JU2141	4457096	75.4000666777797
JU2234	JU2234	4457096	64.8418838377935
JU2250	JU2250	4457096	49.295608359701
JU2257	JU2257	4457096	57.6151906701083
JU2316	JU2316	4457096	37.5133328674669
JU2464	JU2464	4457096	50.6289461010644
JU2466	JU2466	4457096	78.8411551358795
JU2478	JU2478	4457096	81.3456448068698
JU2513	JU2513	4457096	69.5647025169866
JU2519	JU2519	4457096	86.8889281808479
JU2522	JU2522	4457096	88.0693664502752
JU2526	JU2526	4457096	35.6810619997577
JU2534	JU2534	4457096	85.6878215561108
JU2565	JU2565	4457096	100.166877570389
JU2566	JU2566	4457096	66.784465339848
JU2570	JU2570	4457096	70.0268257527226
JU2572	JU2572	4457096	93.985704490203
JU2575	JU2575	4457096	58.2485908129543
JU2576	JU2576	4457096	73.9416329850057
JU2578	JU2578	4457096	86.9625820095648
JU2581	JU2581	4457096	32.7589462385061
JU2586	JU2586	4457096	92.7473578989635
JU2587	JU2587	4457096	47.9810971502522
JU258	JU258	4457096	0
JU2592	JU2592	4457096	89.5275381572655
JU2593	JU2593	4457096	91.4610329564648
JU2600	JU2600	4457096	81.2313398686603
JU2610	JU2610	4457096	81.7793151489853
JU2619	JU2619	4457096	52.1950474853385
JU2800	JU2800	4457096	116.307855009954
JU2811	JU2811	4457096	64.3591563198642
JU2825	JU2825	4457096	72.4243453199277
JU2829	JU2829	4457096	91.1335083808323
JU2838	JU2838	4457096	58.820032556271
JU2841	JU2841	4457096	83.0047957583673
JU2853	JU2853	4457096	87.6691339094779
JU2862	JU2862	4457096	76.6115435249556
JU2866	JU2866	4457096	71.8085423047156
JU2878	JU2878	4457096	67.355052771154
JU2879	JU2879	4457096	99.8314503804078
JU2906	JU2906	4457096	72.6313978494623
JU2907	JU2907	4457096	62.8921071793164
JU310	JU310	4457096	55.1689362403753
JU311	JU311	4457096	91.9554234443123
JU3125	JU3125	4457096	86.4234833601968
JU3127	JU3127	4457096	63.854003624499
JU3128	JU3128	4457096	83.1533278795509
JU3132	JU3132	4457096	65.9459617073856
JU3134	JU3134	4457096	48.8136548770209
JU3135	JU3135	4457096	56.9209503341664
JU3137	JU3137	4457096	103.659418681097
JU3140	JU3140	4457096	58.0518890205969
JU3141	JU3141	4457096	67.4878636116794
JU3144	JU3144	4457096	49.7473373699127
JU3166	JU3166	4457096	57.071158889363
JU3167	JU3167	4457096	109.370415268443
JU3169	JU3169	4457096	60.6811222257867
JU3224	JU3224	4457096	51.1908782738321
JU3225	JU3225	4457096	53.3975588675507
JU3226	JU3226	4457096	0
JU3228	JU3228	4457096	44.9708126994347
JU323	JU323	4457096	85.377060783909
JU3280	JU3280	4457096	98.0777987380471
JU3282	JU3282	4457096	70.9479949110301
JU3291	JU3291	4457096	51.2705710662596
JU3318	JU3318	4457096	75.6130263529068
JU346	JU346	4457096	74.0788697578071
JU360	JU360	4457096	124.403444437168
JU367	JU367	4457096	102.662808229172
JU3795	JU3795	4457096	93.5302487940296
JU393	JU393	4457096	86.2038366019688
JU394	JU394	4457096	42.2158987156857
JU397	JU397	4457096	76.6957118366873
JU4047	JU4047	4457096	99.9430352870504
JU406	JU406	4457096	106.868119438999
JU4073	JU4073	4457096	60.8532956058227
JU4082	JU4082	4457096	86.1964605408984
JU4098	JU4098	4457096	100.710627875909
JU4161	JU4161	4457096	59.7758247281879
JU440	JU440	4457096	82.6408671633288
JU561	JU561	4457096	89.5088712104451
JU642	JU642	4457096	24.4639841422867
JU751	JU751	4457096	79.7044800638764
JU774	JU774	4457096	80.5586073552639
JU775	JU775	4457096	78.9910415895016
JU778	JU778	4457096	91.3473321858863
JU782	JU782	4457096	77.4795032241148
JU792	JU792	4457096	87.5832639041346
JU830	JU830	4457096	56.9357212272664
JU847	JU847	4457096	68.9078161516489
KR314	KR314	4457096	81.4933745223965
LKC34	LKC34	4457096	53.9438015164234
MY10	MY10	4457096	86.1637636658228
MY16	MY16	4457096	83.1225802926867
MY18	MY18	4457096	0
MY1	MY1	4457096	45.8822597091097
MY2147	MY2147	4457096	67.3361535312435
MY2212	MY2212	4457096	53.2374100719424
MY23	MY23	4457096	47.3422814604294
MY2453	MY2453	4457096	54.9969458444668
MY2530	MY2530	4457096	39.3773197326061
MY2535	MY2535	4457096	79.0161138291665
MY2573	MY2573	4457096	46.9244345799942
MY2585	MY2585	4457096	61.7731568250797
MY2693	MY2693	4457096	53.9266790303351
MY2713	MY2713	4457096	50.0947226845655
MY2741	MY2741	4457096	88.3924727407076
MY518	MY518	4457096	44.9303434403636
MY679	MY679	4457096	27.567765232893
MY772	MY772	4457096	80.4809770977879
MY795	MY795	4457096	63.8895166530127
MY920	MY920	4457096	75.5854919970924
N2	N2	4457096	97.0146052539317
NIC1049	NIC1049	4457096	80.512292503583
NIC1107	NIC1107	4457096	71.6787095352851
NIC1119	NIC1119	4457096	116.333974362721
NIC166	NIC166	4457096	61.2786896350403
NIC1698	NIC1698	4457096	75.0019431360661
NIC1700	NIC1700	4457096	76.2072160806624
NIC1772	NIC1772	4457096	75.9204368629324
NIC1773	NIC1773	4457096	112.567660051017
NIC1775	NIC1775	4457096	67.9824746176855
NIC1779	NIC1779	4457096	78.7595698884611
NIC1780	NIC1780	4457096	74.5585462131845
NIC1782	NIC1782	4457096	101.918582788172
NIC1783	NIC1783	4457096	52.5707765533304
NIC1785	NIC1785	4457096	75.351268598349
NIC1786	NIC1786	4457096	102.668509462046
NIC1787	NIC1787	4457096	85.1256652022151
NIC1788	NIC1788	4457096	79.0621322115664
NIC1789	NIC1789	4457096	80.4200485427739
NIC1790	NIC1790	4457096	0
NIC1791	NIC1791	4457096	77.9987817970441
NIC1792	NIC1792	4457096	70.1096398225268
NIC1794	NIC1794	4457096	91.9574147487758
NIC1796	NIC1796	4457096	63.2013496891478
NIC1798	NIC1798	4457096	77.5470541947797
NIC1799	NIC1799	4457096	75.0341718585288
NIC1801	NIC1801	4457096	112.590182219481
NIC1802	NIC1802	4457096	75.9675143164827
NIC1805	NIC1805	4457096	80.4453790645821
NIC1806	NIC1806	4457096	73.1325788197252
NIC1808	NIC1808	4457096	77.0509301616346
NIC1809	NIC1809	4457096	56.6053118300018
NIC1810	NIC1810	4457096	0
NIC1811	NIC1811	4457096	77.3984328404253
NIC1812	NIC1812	4457096	106.759021521511
NIC1832	NIC1832	4457096	78.5672093188101
NIC195	NIC195	4457096	0
NIC199	NIC199	4457096	106.933758465644
NIC1	NIC1	4457096	48.1198728186416
NIC2021	NIC2021	4457096	127.974002345919
NIC2076	NIC2076	4457096	106.062698252448
NIC207	NIC207	4457096	57.0925739464195
NIC231	NIC231	4457096	33.8786551034254
NIC236	NIC236	4457096	92.6517928843266
NIC242	NIC242	4457096	72.0705176451349
NIC251	NIC251	4457096	0
NIC252	NIC252	4457096	72.9392852913535
NIC255	NIC255	4457096	181.250752736584
NIC256	NIC256	4457096	58.4813072440857
NIC258	NIC258	4457096	64.6167801965206
NIC259	NIC259	4457096	39.9136579966584
NIC260	NIC260	4457096	72.0973267697212
NIC261	NIC261	4457096	74.7476151130474
NIC262	NIC262	4457096	43.0500332486359
NIC265	NIC265	4457096	1.58553780604613
NIC266	NIC266	4457096	81.0070057285322
NIC267	NIC267	4457096	85.5845415198315
NIC268	NIC268	4457096	107.539008153849
NIC269	NIC269	4457096	76.0369825593613
NIC271	NIC271	4457096	91.1865632395478
NIC272	NIC272	4457096	63.9939164573974
NIC274	NIC274	4457096	78.5726762392892
NIC275	NIC275	4457096	39.7740367927803
NIC276	NIC276	4457096	48.7204491555253
NIC277	NIC277	4457096	96.8003638105753
NIC2	NIC2	4457096	49.2534660504799
NIC3	NIC3	4457096	48.9362392690803
NIC501	NIC501	4457096	49.2989599227728
NIC511	NIC511	4457096	72.365837231926
NIC513	NIC513	4457096	87.4131530470072
NIC514	NIC514	4457096	55.6042722241914
NIC515	NIC515	4457096	62.1672210596242
NIC522	NIC522	4457096	73.5996420290444
NIC523	NIC523	4457096	86.9027328343584
NIC526	NIC526	4457096	0
NIC527	NIC527	4457096	93.3348676913796
NIC528	NIC528	4457096	0
NIC529	NIC529	4457096	61.9050877613166
PB303	PB303	4457096	102.506489940773
PS2025	PS2025	4457096	74.7452042011538
PX179	PX179	4457096	113.685852031257
QG2075	QG2075	4457096	97.3448470664191
QG2811	QG2811	4457096	0
QG2813	QG2813	4457096	88.3631270872985
QG2818	QG2818	4457096	78.4613883498304
QG2823	QG2823	4457096	57.4560312478499
QG2824	QG2824	4457096	53.9158765712924
QG2825	QG2825	4457096	94.4207317073171
QG2827	QG2827	4457096	86.9468838448374
QG2828	QG2828	4457096	64.1298426130255
QG2832	QG2832	4457096	110.695819448911
QG2835	QG2835	4457096	84.7673497434558
QG2836	QG2836	4457096	86.9903928247776
QG2837	QG2837	4457096	55.953501797115
QG2838	QG2838	4457096	84.1680972420625
QG2841	QG2841	4457096	86.5817139284065
QG2843	QG2843	4457096	106.551097092232
QG2846	QG2846	4457096	96.0961017000245
QG2850	QG2850	4457096	81.6751455824597
QG2854	QG2854	4457096	94.6813208693478
QG2855	QG2855	4457096	82.3252222802047
QG2857	QG2857	4457096	96.4610791406424
QG2873	QG2873	4457096	111.134372592629
QG2874	QG2874	4457096	70.0307512432632
QG2875	QG2875	4457096	71.1512949017041
QG2877	QG2877	4457096	99.0105068354128
QG2932	QG2932	4457096	62.3960357420616
QG4003	QG4003	4457096	104.316972614945
QG4004	QG4004	4457096	74.8577199020513
QG4006	QG4006	4457096	71.1027610213375
QG4008	QG4008	4457096	83.8739086765047
QG4010	QG4010	4457096	83.9812140122105
QG4012	QG4012	4457096	99.3188627890487
QG4015	QG4015	4457096	40.758650267945
QG4017	QG4017	4457096	89.2569347122216
QG4018	QG4018	4457096	76.1871965410949
QG4021	QG4021	4457096	70.4534603780868
QG4080	QG4080	4457096	84.5580763294379
QG4103	QG4103	4457096	85.9247055127429
QG4135	QG4135	4457096	47.5877870180323
QG4138	QG4138	4457096	105.002865481945
QG4147	QG4147	4457096	91.4165743681932
QG4151	QG4151	4457096	32.5860555167834
QG4193	QG4193	4457096	63.5970924799372
QG4226	QG4226	4457096	30.4322718098228
QG4228	QG4228	4457096	76.1316133166964
QG536	QG536	4457096	64.5520140884868
QG556	QG556	4457096	73.1188760833385
QG557	QG557	4457096	70.0308025006586
QW947	QW947	4457096	29.8940783520249
QX1211	QX1211	4457096	0
QX1212	QX1212	4457096	75.7363782237622
QX1233	QX1233	4457096	63.6836918193512
QX1791	QX1791	4457096	0
QX1792	QX1792	4457096	73.4890333062551
QX1793	QX1793	4457096	64.2359252855048
QX1794	QX1794	4457096	55.4535443123596
RC301	RC301	4457096	65.0610550062834
TWN2530	TWN2530	4457096	80.8849650155213
TWN2542	TWN2542	4457096	71.2266750649555
WN2001	WN2001	4457096	0
WN2002	WN2002	4457096	0
WN2033	WN2033	4457096	72.0261492208717
WN2050	WN2050	4457096	69.2531040164479
WN2063	WN2063	4457096	44.4974967061924
WN2064	WN2064	4457096	89.8809572086686
WN2066	WN2066	4457096	87.1601766358891
WN2068	WN2068	4457096	94.842240370949
WN2069	WN2069	4457096	91.7155903457274
WN2082	WN2082	4457096	60.6731834532607
WN2086	WN2086	4457096	84.0361026083595
WN2107	WN2107	4457096	68.9449250621126
WN2117	WN2117	4457096	54.7154376887241
XZ1513	XZ1513	4457096	82.820216232775
XZ1514	XZ1514	4457096	0
XZ1515	XZ1515	4457096	61.8326871741516
XZ1516	XZ1516	4457096	0
XZ1672	XZ1672	4457096	59.3360968634808
XZ1734	XZ1734	4457096	71.8205111460259
XZ1735	XZ1735	4457096	73.565168175675
XZ1756	XZ1756	4457096	62.3155211903081
XZ2018	XZ2018	4457096	75.2163180348174
XZ2019	XZ2019	4457096	0
XZ2020	XZ2020	4457096	38.7199007017414
XZ2211	XZ2211	4457096	71.4582612816868
AB1	AB1	4459210	65.8574914777853
BRC20067	BRC20067	4459210	41.7244047680056
BRC20263	BRC20263	4459210	62.462797672562
CB4852	CB4852	4459210	60.5548822258523
CB4854	CB4854	4459210	54.8109006400685
CB4856	CB4856	4459210	62.6329517937782
CB4932	CB4932	4459210	73.1741662540626
CX11254	CX11254	4459210	42.6674737057242
CX11262	CX11262	4459210	56.249594489381
CX11264	CX11264	4459210	55.06572940495
CX11271	CX11271	4459210	60.4139119285171
CX11276	CX11276	4459210	53.5548349765971
CX11285	CX11285	4459210	54.7946060604563
CX11292	CX11292	4459210	57.0647588659379
CX11307	CX11307	4459210	56.7519484172999
CX11314	CX11314	4459210	48.2352259815332
CX11315	CX11315	4459210	52.2243479244769
DL200	DL200	4459210	37.0717500274414
DL226	DL226	4459210	61.6776399891187
DL238	DL238	4459210	47.6133758049236
ECA1069	ECA1069	4459210	65.2049020150008
ECA1074	ECA1074	4459210	66.6632656097882
ECA1185	ECA1185	4459210	0
ECA1186	ECA1186	4459210	36.8999400398918
ECA1187	ECA1187	4459210	0
ECA1191	ECA1191	4459210	0
ECA1192	ECA1192	4459210	0
ECA1193	ECA1193	4459210	0
ECA1194	ECA1194	4459210	0
ECA1195	ECA1195	4459210	0
ECA1196	ECA1196	4459210	0
ECA1200	ECA1200	4459210	121.299818091616
ECA1202	ECA1202	4459210	48.9874359532528
ECA1206	ECA1206	4459210	0
ECA1208	ECA1208	4459210	76.5424992532521
ECA1212	ECA1212	4459210	70.4331171510654
ECA1216	ECA1216	4459210	0
ECA1223	ECA1223	4459210	71.1052781811187
ECA1225	ECA1225	4459210	43.6736245632457
ECA1228	ECA1228	4459210	0
ECA1229	ECA1229	4459210	0
ECA1232	ECA1232	4459210	0
ECA1237	ECA1237	4459210	0
ECA1238	ECA1238	4459210	0
ECA1240	ECA1240	4459210	0
ECA1242	ECA1242	4459210	0
ECA1243	ECA1243	4459210	101.482407749564
ECA1247	ECA1247	4459210	78.1500921912358
ECA1251	ECA1251	4459210	0
ECA1252	ECA1252	4459210	0
ECA1253	ECA1253	4459210	0
ECA1255	ECA1255	4459210	147.652582159624
ECA1257	ECA1257	4459210	99.0265109715364
ECA1260	ECA1260	4459210	0
ECA1261	ECA1261	4459210	0
ECA1269	ECA1269	4459210	84.8479301711683
ECA1271	ECA1271	4459210	86.5660930207235
ECA1276	ECA1276	4459210	71.0944795979447
ECA1278	ECA1278	4459210	0
ECA1281	ECA1281	4459210	0
ECA1283	ECA1283	4459210	0
ECA1284	ECA1284	4459210	64.3934765406731
ECA1286	ECA1286	4459210	0
ECA1287	ECA1287	4459210	70.4987598279223
ECA1288	ECA1288	4459210	56.1614887653987
ECA1289	ECA1289	4459210	93.9804009760556
ECA1293	ECA1293	4459210	54.9826938930715
ECA1298	ECA1298	4459210	84.5111868840208
ECA1316	ECA1316	4459210	78.5839140693834
ECA1409	ECA1409	4459210	47.7924634792111
ECA1413	ECA1413	4459210	60.6455721659851
ECA1493	ECA1493	4459210	0
ECA1693	ECA1693	4459210	46.6590218273344
ECA1713	ECA1713	4459210	0
ECA1717	ECA1717	4459210	0
ECA1725	ECA1725	4459210	0
ECA1751	ECA1751	4459210	44.5438713998661
ECA1757	ECA1757	4459210	64.8634114863411
ECA1761	ECA1761	4459210	0
ECA1769	ECA1769	4459210	35.99202696932
ECA1793	ECA1793	4459210	0
ECA1805	ECA1805	4459210	33.0813004894743
ECA1807	ECA1807	4459210	44.9180270212398
ECA1815	ECA1815	4459210	47.4973310698472
ECA1821	ECA1821	4459210	0
ECA1825	ECA1825	4459210	59.4890510948906
ECA1843	ECA1843	4459210	71.8213388446262
ECA1851	ECA1851	4459210	0
ECA1853	ECA1853	4459210	59.9713049160456
ECA1875	ECA1875	4459210	44.2504497682923
ECA1885	ECA1885	4459210	0
ECA1887	ECA1887	4459210	73.3416181007886
ECA1889	ECA1889	4459210	65.545098517753
ECA1891	ECA1891	4459210	0
ECA189	ECA189	4459210	72.9925829401573
ECA1901	ECA1901	4459210	67.8836252124529
ECA1919	ECA1919	4459210	0
ECA191	ECA191	4459210	44.1722734125297
ECA1925	ECA1925	4459210	0
ECA1937	ECA1937	4459210	0
ECA1939	ECA1939	4459210	69.2742246128285
ECA1943	ECA1943	4459210	60.599144489421
ECA1969	ECA1969	4459210	0
ECA1977	ECA1977	4459210	50.529532903652
ECA1997	ECA1997	4459210	0
ECA2041	ECA2041	4459210	40.8577740170482
ECA2043	ECA2043	4459210	0
ECA2073	ECA2073	4459210	45.6337296073849
ECA2081	ECA2081	4459210	0
ECA2091	ECA2091	4459210	0
ECA2109	ECA2109	4459210	0
ECA2111	ECA2111	4459210	51.2147401530583
ECA2151	ECA2151	4459210	60.0344505725172
ECA2155	ECA2155	4459210	0
ECA2159	ECA2159	4459210	0
ECA2183	ECA2183	4459210	0
ECA2187	ECA2187	4459210	0
ECA2191	ECA2191	4459210	0
ECA2195	ECA2195	4459210	0
ECA2199	ECA2199	4459210	0
ECA2251	ECA2251	4459210	76.4833054537329
ECA2281	ECA2281	4459210	0
ECA2291	ECA2291	4459210	0
ECA2332	ECA2332	4459210	54.9023146469736
ECA2334	ECA2334	4459210	64.0319646661618
ECA2336	ECA2336	4459210	96.8151561699949
ECA2344	ECA2344	4459210	50.8107235255504
ECA2350	ECA2350	4459210	80.3623776331453
ECA2360	ECA2360	4459210	0
ECA2367	ECA2367	4459210	33.5691193046092
ECA2377	ECA2377	4459210	58.6010060622848
ECA2417	ECA2417	4459210	0
ECA2437	ECA2437	4459210	0
ECA243	CB4851	4459210	61.762502358088
ECA2443	ECA2443	4459210	64.7195593074832
ECA2452	ECA2452	4459210	106.232958903205
ECA2467	ECA2467	4459210	85.8655067965588
ECA246	CB4853	4459210	43.4742387562999
ECA2473	ECA2473	4459210	92.1012389810079
ECA2475	ECA2475	4459210	82.4229677129885
ECA2481	ECA2481	4459210	60.5907370818124
ECA2482	ECA2482	4459210	43.8710541932273
ECA2489	ECA2489	4459210	0
ECA248	CB4855	4459210	82.271627393345
ECA250	CB4857	4459210	60.7068105489534
ECA251	CB4858	4459210	55.2568129285708
ECA2522	ECA2522	4459210	62.4566242621398
ECA2523	ECA2523	4459210	105.448584854114
ECA2527	ECA2527	4459210	65.7992811932256
ECA2529	ECA2529	4459210	86.3041907640544
ECA2533	ECA2533	4459210	82.8927475145462
ECA2536	ECA2536	4459210	86.6971941289042
ECA2546	ECA2546	4459210	99.9171636845593
ECA2549	ECA2549	4459210	71.194644001484
ECA2551	ECA2551	4459210	39.3761507289945
ECA2554	ECA2554	4459210	39.628648799331
ECA2555	ECA2555	4459210	40.0659905221666
ECA2559	ECA2559	4459210	36.563788311228
ECA2560	ECA2560	4459210	132.806187336812
ECA2561	ECA2561	4459210	85.5148853468143
ECA2565	ECA2565	4459210	79.2614948176529
ECA2568	ECA2568	4459210	62.5841516090956
ECA2581	ECA2581	4459210	47.1994848973174
ECA2583	ECA2583	4459210	84.4199412657813
ECA2584	ECA2584	4459210	67.5620778807291
ECA2594	ECA2594	4459210	70.6219477786464
ECA2595	ECA2595	4459210	105.224148236701
ECA259	PB306	4459210	72.4922681248318
ECA2601	ECA2601	4459210	51.7763478635489
ECA2602	ECA2602	4459210	84.3474033325786
ECA2603	ECA2603	4459210	76.4080194751676
ECA2607	ECA2607	4459210	69.6394306692794
ECA2609	ECA2609	4459210	66.2556332973649
ECA2612	ECA2612	4459210	58.7782663680981
ECA2615	ECA2615	4459210	122.355363517463
ECA2641	ECA2641	4459210	60.6301535717954
ECA2648	ECA2648	4459210	46.2397560186053
ECA2656	ECA2656	4459210	46.6860141250612
ECA2659	ECA2659	4459210	65.7308058658378
ECA2660	ECA2660	4459210	89.3986418254755
ECA2672	ECA2672	4459210	79.0882688344431
ECA2676	ECA2676	4459210	61.6896121820007
ECA347	ECA347	4459210	0
ECA348	ECA348	4459210	63.7330088586421
ECA349	ECA349	4459210	35.054195625601
ECA363	ECA363	4459210	0
ECA369	ECA369	4459210	61.7451510199821
ECA36	ECA36	4459210	0
ECA372	ECA372	4459210	22.3546693207949
ECA396	ECA396	4459210	25.4062090258531
ECA592	ECA592	4459210	36.7961971472182
ECA593	ECA593	4459210	57.760885958201
ECA594	ECA594	4459210	64.6643025347571
ECA640	ECA640	4459210	116.716186833328
ECA701	ECA701	4459210	62.8876968173234
ECA703	ECA703	4459210	0
ECA705	ECA705	4459210	85.0619917276228
ECA706	ECA706	4459210	0
ECA710	ECA710	4459210	78.9140099167364
ECA712	ECA712	4459210	74.7206184800653
ECA722	ECA722	4459210	57.4400706902618
ECA723	ECA723	4459210	0
ECA724	ECA724	4459210	0
ECA730	ECA730	4459210	0
ECA732	ECA732	4459210	69.0913740651467
ECA733	ECA733	4459210	0
ECA738	ECA738	4459210	70.0301082936796
ECA740	ECA740	4459210	0
ECA741	ECA741	4459210	0
ECA742	ECA742	4459210	0
ECA743	ECA743	4459210	85.2193842629385
ECA744	ECA744	4459210	0
ECA745	ECA745	4459210	39.5747891991207
ECA746	ECA746	4459210	0
ECA760	ECA760	4459210	53.0727207447371
ECA768	ECA768	4459210	0
ECA777	ECA777	4459210	66.2771530092677
ECA778	ECA778	4459210	84.9760765550239
ECA807	ECA807	4459210	0
ECA812	ECA812	4459210	0
ECA923	ECA923	4459210	47.0982733085535
ECA928	ECA928	4459210	36.0023878221073
ECA930	ECA930	4459210	32.2898429678172
ED3005	ED3005	4459210	62.3305486176901
ED3011	ED3011	4459210	79.5759902867203
ED3012	ED3012	4459210	45.212241437971
ED3017	ED3017	4459210	72.9770388224098
ED3040	ED3040	4459210	70.5696175437295
ED3046	ED3046	4459210	65.3315712260677
ED3048	ED3048	4459210	43.9382440973087
ED3049	ED3049	4459210	44.6109735435945
ED3052	ED3052	4459210	48.5136873047951
ED3073	ED3073	4459210	55.1211477860183
ED3077	ED3077	4459210	61.3875057447747
EG4347	EG4347	4459210	65.4732179690383
EG4349	EG4349	4459210	49.8525123416632
EG4724	EG4724	4459210	81.8139425780796
EG4725	EG4725	4459210	61.3254629434669
EG4946	EG4946	4459210	51.5993256108507
GXW1	GXW1	4459210	84.1121658255102
JR4305	JR4305	4459210	100.01963924882
JT11398	JT11398	4459210	67.3406972880821
JU1088	JU1088	4459210	58.4394191264503
JU1172	JU1172	4459210	52.9981021194018
JU1200	JU1200	4459210	60.215122582495
JU1212	JU1212	4459210	58.9935083587063
JU1213	JU1213	4459210	104.499797850388
JU1242	JU1242	4459210	52.8150044994172
JU1246	JU1246	4459210	64.3514021184604
JU1249	JU1249	4459210	65.1388978288452
JU1395	JU1395	4459210	70.1424714434059
JU1400	JU1400	4459210	95.6982400886986
JU1409	JU1409	4459210	60.3569875903392
JU1440	JU1440	4459210	57.8291303097133
JU1491	JU1491	4459210	59.3056218027113
JU1530	JU1530	4459210	72.6739081785474
JU1543	JU1543	4459210	34.9531227012737
JU1568	JU1568	4459210	57.1843962104631
JU1581	JU1581	4459210	50.634986566742
JU1586	JU1586	4459210	65.3073300920431
JU1652	JU1652	4459210	48.4067742194397
JU1666	JU1666	4459210	53.2037521686711
JU1792	JU1792	4459210	56.996597782258
JU1793	JU1793	4459210	49.193407856441
JU1808	JU1808	4459210	51.7944476084579
JU1896	JU1896	4459210	0
JU1934	JU1934	4459210	67.5885341435473
JU2001	JU2001	4459210	72.176308062141
JU2007	JU2007	4459210	54.3080874116176
JU2016	JU2016	4459210	45.4614787717548
JU2017	JU2017	4459210	66.013873749789
JU2106	JU2106	4459210	0
JU2131	JU2131	4459210	73.6315002811732
JU2141	JU2141	4459210	56.5500500083348
JU2234	JU2234	4459210	53.565034474699
JU2250	JU2250	4459210	36.1501127971141
JU2257	JU2257	4459210	44.0586752183181
JU2316	JU2316	4459210	51.4071598554176
JU2464	JU2464	4459210	31.9761764848828
JU2466	JU2466	4459210	56.838972307262
JU2478	JU2478	4459210	38.6391812832632
JU2513	JU2513	4459210	58.4343501142687
JU2519	JU2519	4459210	59.2424510323963
JU2522	JU2522	4459210	61.6485565151926
JU2526	JU2526	4459210	40.7783565711516
JU2534	JU2534	4459210	62.6180234448502
JU2565	JU2565	4459210	53.6608272698512
JU2566	JU2566	4459210	46.9964756095227
JU2570	JU2570	4459210	55.5385169762972
JU2572	JU2572	4459210	63.2267466570457
JU2575	JU2575	4459210	60.7811382396045
JU2576	JU2576	4459210	54.2238641890042
JU2578	JU2578	4459210	59.7867751315758
JU2581	JU2581	4459210	37.4387957011498
JU2586	JU2586	4459210	37.0989431595854
JU2587	JU2587	4459210	59.9763714378152
JU258	JU258	4459210	0
JU2592	JU2592	4459210	54.2591140347063
JU2593	JU2593	4459210	75.8457346468245
JU2600	JU2600	4459210	40.6156699343301
JU2610	JU2610	4459210	36.0791096245523
JU2619	JU2619	4459210	36.9714919687814
JU2800	JU2800	4459210	65.6576600862641
JU2811	JU2811	4459210	45.0514094239049
JU2825	JU2825	4459210	49.9478243585708
JU2829	JU2829	4459210	44.0968588939511
JU2838	JU2838	4459210	44.1150244172033
JU2841	JU2841	4459210	38.5379408878134
JU2853	JU2853	4459210	52.6014803456867
JU2862	JU2862	4459210	44.1096765749744
JU2866	JU2866	4459210	65.824497112656
JU2878	JU2878	4459210	44.0869436320281
JU2879	JU2879	4459210	62.1592049538388
JU2906	JU2906	4459210	48.4209318996416
JU2907	JU2907	4459210	36.41121994592
JU310	JU310	4459210	67.4286998493476
JU311	JU311	4459210	96.9259868737346
JU3125	JU3125	4459210	42.1037483036856
JU3127	JU3127	4459210	54.2759030808242
JU3128	JU3128	4459210	49.8919967277306
JU3132	JU3132	4459210	54.4054184085931
JU3134	JU3134	4459210	43.763966441467
JU3135	JU3135	4459210	39.1331533547394
JU3137	JU3137	4459210	28.5063401373016
JU3140	JU3140	4459210	75.7899662213349
JU3141	JU3141	4459210	39.6987433009879
JU3144	JU3144	4459210	46.1939561292046
JU3166	JU3166	4459210	45.9739891053202
JU3167	JU3167	4459210	56.1631862189299
JU3169	JU3169	4459210	58.042812563796
JU3224	JU3224	4459210	28.7948690290306
JU3225	JU3225	4459210	22.8846680860932
JU3226	JU3226	4459210	0
JU3228	JU3228	4459210	40.6878781566314
JU323	JU323	4459210	72.9262394195889
JU3280	JU3280	4459210	72.8577933482635
JU3282	JU3282	4459210	70.9479949110301
JU3291	JU3291	4459210	61.5246852795115
JU3318	JU3318	4459210	37.8065131764534
JU346	JU346	4459210	53.2441876384239
JU360	JU360	4459210	47.3917883570166
JU367	JU367	4459210	54.9979329799134
JU3795	JU3795	4459210	68.9170254271797
JU393	JU393	4459210	67.3467473452882
JU394	JU394	4459210	44.0513725728894
JU397	JU397	4459210	51.7250149596263
JU4047	JU4047	4459210	59.3411772016862
JU406	JU406	4459210	88.677801236616
JU4073	JU4073	4459210	82.4464004982114
JU4082	JU4082	4459210	86.1964605408984
JU4098	JU4098	4459210	81.1280057889268
JU4161	JU4161	4459210	53.3712720787392
JU440	JU440	4459210	54.3689915548216
JU561	JU561	4459210	82.0497986095747
JU642	JU642	4459210	9.7855936569147
JU751	JU751	4459210	64.7598900518995
JU774	JU774	4459210	56.3910251486847
JU775	JU775	4459210	84.0872378210824
JU778	JU778	4459210	55.7574625030735
JU782	JU782	4459210	74.7609241636196
JU792	JU792	4459210	41.9412813062053
JU830	JU830	4459210	66.9832014438428
JU847	JU847	4459210	93.9652038431576
KR314	KR314	4459210	43.7281521827493
LKC34	LKC34	4459210	62.2428479035654
MY10	MY10	4459210	25.4574756285385
MY16	MY16	4459210	58.4104618272934
MY18	MY18	4459210	0
MY1	MY1	4459210	53.5293029939613
MY2147	MY2147	4459210	44.890769020829
MY2212	MY2212	4459210	31.0551558752997
MY23	MY23	4459210	52.8048523981712
MY2453	MY2453	4459210	44.5213371121874
MY2530	MY2530	4459210	57.5514673015012
MY2535	MY2535	4459210	85.600789981597
MY2573	MY2573	4459210	46.9244345799942
MY2585	MY2585	4459210	94.2853446277531
MY2693	MY2693	4459210	57.921247847397
MY2713	MY2713	4459210	46.2412824780604
MY2741	MY2741	4459210	58.0075602360894
MY518	MY518	4459210	38.5117229488831
MY679	MY679	4459210	41.3516478493395
MY772	MY772	4459210	73.3271124668735
MY795	MY795	4459210	38.3337099918076
MY920	MY920	4459210	48.7106503981262
N2	N2	4459210	78.3579503974064
NIC1049	NIC1049	4459210	38.8680032775918
NIC1107	NIC1107	4459210	80.4200155761735
NIC1119	NIC1119	4459210	63.4548951069389
NIC166	NIC166	4459210	90.4590180326786
NIC1698	NIC1698	4459210	71.8768621720634
NIC1700	NIC1700	4459210	120.17291766566
NIC1772	NIC1772	4459210	50.6136245752883
NIC1773	NIC1773	4459210	97.7561258337782
NIC1775	NIC1775	4459210	111.244049374395
NIC1779	NIC1779	4459210	64.6953609798074
NIC1780	NIC1780	4459210	63.4304049873361
NIC1782	NIC1782	4459210	93.6549139134551
NIC1783	NIC1783	4459210	76.7249171318877
NIC1785	NIC1785	4459210	58.7739895067122
NIC1786	NIC1786	4459210	74.3461620242399
NIC1787	NIC1787	4459210	66.7201159693037
NIC1788	NIC1788	4459210	86.4412645513126
NIC1789	NIC1789	4459210	51.1763945272198
NIC1790	NIC1790	4459210	0
NIC1791	NIC1791	4459210	103.159679150929
NIC1792	NIC1792	4459210	50.6347398718249
NIC1794	NIC1794	4459210	79.3358088028654
NIC1796	NIC1796	4459210	95.4743793176488
NIC1798	NIC1798	4459210	69.0653451422257
NIC1799	NIC1799	4459210	66.9223694954446
NIC1801	NIC1801	4459210	58.4328793797306
NIC1802	NIC1802	4459210	64.7130677510778
NIC1805	NIC1805	4459210	62.5686281613416
NIC1806	NIC1806	4459210	75.5703314470493
NIC1808	NIC1808	4459210	74.5654162854528
NIC1809	NIC1809	4459210	57.7152199050999
NIC1810	NIC1810	4459210	0
NIC1811	NIC1811	4459210	62.5141188326512
NIC1812	NIC1812	4459210	68.2071526387433
NIC1832	NIC1832	4459210	71.6348084965621
NIC195	NIC195	4459210	0
NIC199	NIC199	4459210	76.772954795847
NIC1	NIC1	4459210	50.5258664595737
NIC2021	NIC2021	4459210	74.6515013684527
NIC2076	NIC2076	4459210	66.7802174182077
NIC207	NIC207	4459210	67.4730419366776
NIC231	NIC231	4459210	57.333108636566
NIC236	NIC236	4459210	75.8060123599035
NIC242	NIC242	4459210	56.8977770882644
NIC251	NIC251	4459210	0
NIC252	NIC252	4459210	38.7489953110316
NIC255	NIC255	4459210	14.2556771815291
NIC256	NIC256	4459210	42.5318598138805
NIC258	NIC258	4459210	116.310204353737
NIC259	NIC259	4459210	50.3259166044823
NIC260	NIC260	4459210	70.3388553850938
NIC261	NIC261	4459210	84.9404717193721
NIC262	NIC262	4459210	163.136968100094
NIC265	NIC265	4459210	0
NIC266	NIC266	4459210	72.4799524939499
NIC267	NIC267	4459210	77.8041286543922
NIC268	NIC268	4459210	107.539008153849
NIC269	NIC269	4459210	50.6913217062409
NIC271	NIC271	4459210	27.7524322902972
NIC272	NIC272	4459210	63.9939164573974
NIC274	NIC274	4459210	71.5884383513524
NIC275	NIC275	4459210	64.8944810829573
NIC276	NIC276	4459210	87.000802063438
NIC277	NIC277	4459210	52.800198442132
NIC2	NIC2	4459210	63.7397795947387
NIC3	NIC3	4459210	97.8724785381606
NIC501	NIC501	4459210	73.9484398841592
NIC511	NIC511	4459210	37.3501095390586
NIC513	NIC513	4459210	62.0351408720696
NIC514	NIC514	4459210	40.7764662977404
NIC515	NIC515	4459210	85.849971939481
NIC522	NIC522	4459210	54.2313151792959
NIC523	NIC523	4459210	76.9709919390032
NIC526	NIC526	4459210	0
NIC527	NIC527	4459210	71.796052070292
NIC528	NIC528	4459210	0
NIC529	NIC529	4459210	64.5966133161565
PB303	PB303	4459210	65.7092884235727
PS2025	PS2025	4459210	74.7452042011538
PX179	PX179	4459210	62.0104647443222
QG2075	QG2075	4459210	71.0354289403599
QG2811	QG2811	4459210	75.6544228964693
QG2813	QG2813	4459210	77.9674650770281
QG2818	QG2818	4459210	70.6152495148473
QG2823	QG2823	4459210	68.9472374974199
QG2824	QG2824	4459210	65.1483508569783
QG2825	QG2825	4459210	47.2103658536586
QG2827	QG2827	4459210	93.6351056790556
QG2828	QG2828	4459210	52.2539458328356
QG2832	QG2832	4459210	90.1012483886482
QG2835	QG2835	4459210	61.6489816316042
QG2836	QG2836	4459210	102.806827883828
QG2837	QG2837	4459210	60.0982056339384
QG2838	QG2838	4459210	86.2209776626006
QG2841	QG2841	4459210	88.5057520157044
QG2843	QG2843	4459210	46.7785304307358
QG2846	QG2846	4459210	80.5129500729935
QG2850	QG2850	4459210	91.5751632288185
QG2854	QG2854	4459210	55.4232122162036
QG2855	QG2855	4459210	69.4619062989227
QG2857	QG2857	4459210	70.1535121022854
QG2873	QG2873	4459210	57.8824857253275
QG2874	QG2874	4459210	99.0089931370273
QG2875	QG2875	4459210	58.5951840366975
QG2877	QG2877	4459210	78.7583577099875
QG2932	QG2932	4459210	75.3055603783503
QG4003	QG4003	4459210	98.7534007421478
QG4004	QG4004	4459210	97.0377850582146
QG4006	QG4006	4459210	68.3680394435938
QG4008	QG4008	4459210	71.4481444281337
QG4010	QG4010	4459210	67.6212372565851
QG4012	QG4012	4459210	64.8331465428512
QG4015	QG4015	4459210	58.0026946120755
QG4017	QG4017	4459210	70.1304487024598
QG4018	QG4018	4459210	72.3132712932426
QG4021	QG4021	4459210	55.1374907306766
QG4080	QG4080	4459210	54.203895082973
QG4103	QG4103	4459210	62.7911309516198
QG4135	QG4135	4459210	61.6878720604122
QG4138	QG4138	4459210	72.1894700188372
QG4147	QG4147	4459210	93.8222736936719
QG4151	QG4151	4459210	57.0255971543709
QG4193	QG4193	4459210	74.562108424754
QG4226	QG4226	4459210	63.4005662704642
QG4228	QG4228	4459210	35.1376676846291
QG536	QG536	4459210	69.7161752155658
QG556	QG556	4459210	57.6088114596
QG557	QG557	4459210	54.2173954843809
QW947	QW947	4459210	34.4931673292595
QX1211	QX1211	4459210	0
QX1212	QX1212	4459210	39.9719773958745
QX1233	QX1233	4459210	55.9644564473086
QX1791	QX1791	4459210	47.5222499469638
QX1792	QX1792	4459210	60.298693994876
QX1793	QX1793	4459210	73.7523586611351
QX1794	QX1794	4459210	51.62916194599
RC301	RC301	4459210	65.0610550062834
TWN2530	TWN2530	4459210	84.830573065059
TWN2542	TWN2542	4459210	68.8913742431537
WN2001	WN2001	4459210	0
WN2002	WN2002	4459210	0
WN2033	WN2033	4459210	40.7104321683188
WN2050	WN2050	4459210	49.4665028688914
WN2063	WN2063	4459210	50.8542819499342
WN2064	WN2064	4459210	42.1890207305996
WN2066	WN2066	4459210	42.8155253649982
WN2068	WN2068	4459210	13.5488914815641
WN2069	WN2069	4459210	41.030658838878
WN2082	WN2082	4459210	44.3380956004597
WN2086	WN2086	4459210	89.4577866476085
WN2107	WN2107	4459210	102.432460092282
WN2117	WN2117	4459210	98.4877878397035
XZ1513	XZ1513	4459210	47.7808939804471
XZ1514	XZ1514	4459210	0
XZ1515	XZ1515	4459210	30.9163435870758
XZ1516	XZ1516	4459210	0
XZ1672	XZ1672	4459210	53.4024871771327
XZ1734	XZ1734	4459210	41.7022322783376
XZ1735	XZ1735	4459210	38.253887451351
XZ1756	XZ1756	4459210	36.8228079760912
XZ2018	XZ2018	4459210	28.530327530448
XZ2019	XZ2019	4459210	19.7249216693958
XZ2020	XZ2020	4459210	49.2798736203981
XZ2211	XZ2211	4459210	56.0078264099707
AB1	AB1	4460135	146.031828929002
BRC20067	BRC20067	4460135	125.173214304017
BRC20263	BRC20263	4460135	91.0915799391529
CB4852	CB4852	4460135	139.791589819255
CB4854	CB4854	4460135	159.212616144961
CB4856	CB4856	4460135	0
CB4932	CB4932	4460135	153.000529440313
CX11254	CX11254	4460135	168.63811036072
CX11262	CX11262	4460135	124.727361693845
CX11264	CX11264	4460135	145.657735845352
CX11271	CX11271	4460135	123.244380334175
CX11276	CX11276	4460135	138.206025746057
CX11285	CX11285	4460135	108.470954854373
CX11292	CX11292	4460135	114.129517731876
CX11307	CX11307	4460135	115.27739522264
CX11314	CX11314	4460135	114.766572162958
CX11315	CX11315	4460135	169.206887275305
DL200	DL200	4460135	132.399107240862
DL226	DL226	4460135	144.325677574538
DL238	DL238	4460135	0
ECA1069	ECA1069	4460135	0
ECA1074	ECA1074	4460135	0
ECA1185	ECA1185	4460135	0
ECA1186	ECA1186	4460135	0
ECA1187	ECA1187	4460135	0
ECA1191	ECA1191	4460135	0
ECA1192	ECA1192	4460135	0
ECA1193	ECA1193	4460135	0
ECA1194	ECA1194	4460135	0
ECA1195	ECA1195	4460135	0
ECA1196	ECA1196	4460135	0
ECA1200	ECA1200	4460135	60.6499090458078
ECA1202	ECA1202	4460135	0
ECA1206	ECA1206	4460135	0
ECA1208	ECA1208	4460135	0
ECA1212	ECA1212	4460135	0
ECA1216	ECA1216	4460135	0
ECA1223	ECA1223	4460135	0
ECA1225	ECA1225	4460135	0
ECA1228	ECA1228	4460135	0
ECA1229	ECA1229	4460135	0
ECA1232	ECA1232	4460135	0
ECA1237	ECA1237	4460135	0
ECA1238	ECA1238	4460135	0
ECA1240	ECA1240	4460135	0
ECA1242	ECA1242	4460135	0
ECA1243	ECA1243	4460135	0
ECA1247	ECA1247	4460135	0
ECA1251	ECA1251	4460135	0
ECA1252	ECA1252	4460135	0
ECA1253	ECA1253	4460135	0
ECA1255	ECA1255	4460135	73.8262910798121
ECA1257	ECA1257	4460135	107.055687536796
ECA1260	ECA1260	4460135	0
ECA1261	ECA1261	4460135	0
ECA1269	ECA1269	4460135	0
ECA1271	ECA1271	4460135	0
ECA1276	ECA1276	4460135	0
ECA1278	ECA1278	4460135	0
ECA1281	ECA1281	4460135	0
ECA1283	ECA1283	4460135	0
ECA1284	ECA1284	4460135	0
ECA1286	ECA1286	4460135	0
ECA1287	ECA1287	4460135	0
ECA1288	ECA1288	4460135	0
ECA1289	ECA1289	4460135	0
ECA1293	ECA1293	4460135	8.45887598354946
ECA1298	ECA1298	4460135	105.638983605026
ECA1316	ECA1316	4460135	105.847720991414
ECA1409	ECA1409	4460135	111.515748118159
ECA1413	ECA1413	4460135	85.9145605684789
ECA1493	ECA1493	4460135	0
ECA1693	ECA1693	4460135	83.9862392892019
ECA1713	ECA1713	4460135	0
ECA1717	ECA1717	4460135	0
ECA1725	ECA1725	4460135	0
ECA1751	ECA1751	4460135	66.8158070997991
ECA1757	ECA1757	4460135	108.803141848056
ECA1761	ECA1761	4460135	0
ECA1769	ECA1769	4460135	0
ECA1793	ECA1793	4460135	0
ECA1805	ECA1805	4460135	108.973695730033
ECA1807	ECA1807	4460135	0
ECA1815	ECA1815	4460135	104.041772819665
ECA1821	ECA1821	4460135	0
ECA1825	ECA1825	4460135	137.906436629065
ECA1843	ECA1843	4460135	0
ECA1851	ECA1851	4460135	0
ECA1853	ECA1853	4460135	95.9540878656729
ECA1875	ECA1875	4460135	76.1107736014627
ECA1885	ECA1885	4460135	0
ECA1887	ECA1887	4460135	39.8140212547138
ECA1889	ECA1889	4460135	51.7461304087523
ECA1891	ECA1891	4460135	0
ECA189	ECA189	4460135	80.291841234173
ECA1901	ECA1901	4460135	110.876587847006
ECA1919	ECA1919	4460135	0
ECA191	ECA191	4460135	0
ECA1925	ECA1925	4460135	0
ECA1937	ECA1937	4460135	0
ECA1939	ECA1939	4460135	0
ECA1943	ECA1943	4460135	0
ECA1969	ECA1969	4460135	0
ECA1977	ECA1977	4460135	0
ECA1997	ECA1997	4460135	0
ECA2041	ECA2041	4460135	100.942735806825
ECA2043	ECA2043	4460135	0
ECA2073	ECA2073	4460135	0
ECA2081	ECA2081	4460135	0
ECA2091	ECA2091	4460135	0
ECA2109	ECA2109	4460135	0
ECA2111	ECA2111	4460135	49.166150546936
ECA2151	ECA2151	4460135	62.6446440756701
ECA2155	ECA2155	4460135	0
ECA2159	ECA2159	4460135	0
ECA2183	ECA2183	4460135	0
ECA2187	ECA2187	4460135	0
ECA2191	ECA2191	4460135	0
ECA2195	ECA2195	4460135	0
ECA2199	ECA2199	4460135	0
ECA2251	ECA2251	4460135	0
ECA2281	ECA2281	4460135	0
ECA2291	ECA2291	4460135	0
ECA2332	ECA2332	4460135	66.4606966779155
ECA2334	ECA2334	4460135	105.012422052505
ECA2336	ECA2336	4460135	71.7767537122376
ECA2344	ECA2344	4460135	122.263303483356
ECA2350	ECA2350	4460135	115.186074607508
ECA2360	ECA2360	4460135	0
ECA2367	ECA2367	4460135	0
ECA2377	ECA2377	4460135	0
ECA2417	ECA2417	4460135	0
ECA2437	ECA2437	4460135	0
ECA243	CB4851	4460135	160.907571932914
ECA2443	ECA2443	4460135	0
ECA2452	ECA2452	4460135	9.95933989717544
ECA2467	ECA2467	4460135	0
ECA246	CB4853	4460135	139.11756402016
ECA2473	ECA2473	4460135	0
ECA2475	ECA2475	4460135	0
ECA2481	ECA2481	4460135	0
ECA2482	ECA2482	4460135	0
ECA2489	ECA2489	4460135	0
ECA248	CB4855	4460135	149.851892752164
ECA250	CB4857	4460135	138.758424111893
ECA251	CB4858	4460135	119.238385793232
ECA2522	ECA2522	4460135	92.1978739107777
ECA2523	ECA2523	4460135	118.629657960879
ECA2527	ECA2527	4460135	51.4950896294809
ECA2529	ECA2529	4460135	92.6191315516682
ECA2533	ECA2533	4460135	124.339121271819
ECA2536	ECA2536	4460135	70.4414702297346
ECA2546	ECA2546	4460135	57.0955221054624
ECA2549	ECA2549	4460135	84.7555285731953
ECA2551	ECA2551	4460135	81.3773781732553
ECA2554	ECA2554	4460135	75.6546931623591
ECA2555	ECA2555	4460135	76.7931485008192
ECA2559	ECA2559	4460135	135.004756841457
ECA2560	ECA2560	4460135	62.337598137687
ECA2561	ECA2561	4460135	112.879648657795
ECA2565	ECA2565	4460135	92.1147101934885
ECA2568	ECA2568	4460135	125.168303218191
ECA2581	ECA2581	4460135	57.9266405557986
ECA2583	ECA2583	4460135	89.4851377417281
ECA2584	ECA2584	4460135	58.6723307911595
ECA2594	ECA2594	4460135	76.6752575882446
ECA2595	ECA2595	4460135	61.3807531380753
ECA259	PB306	4460135	162.244600088909
ECA2601	ECA2601	4460135	95.0802024403353
ECA2602	ECA2602	4460135	62.6580710470584
ECA2603	ECA2603	4460135	93.6614432276248
ECA2607	ECA2607	4460135	73.7358677674723
ECA2609	ECA2609	4460135	70.6726755171892
ECA2612	ECA2612	4460135	125.953427931639
ECA2615	ECA2615	4460135	114.545446697199
ECA2641	ECA2641	4460135	59.3121067550173
ECA2648	ECA2648	4460135	99.0851914684399
ECA2656	ECA2656	4460135	120.834389500159
ECA2659	ECA2659	4460135	96.5421211154492
ECA2660	ECA2660	4460135	86.6049342684294
ECA2672	ECA2672	4460135	67.457641064672
ECA2676	ECA2676	4460135	91.1933397473053
ECA347	ECA347	4460135	0
ECA348	ECA348	4460135	91.0471555123459
ECA349	ECA349	4460135	108.349331933676
ECA363	ECA363	4460135	0
ECA369	ECA369	4460135	0
ECA36	ECA36	4460135	0
ECA372	ECA372	4460135	86.9348251364245
ECA396	ECA396	4460135	0
ECA592	ECA592	4460135	108.451949486538
ECA593	ECA593	4460135	75.6866781521255
ECA594	ECA594	4460135	1.79623062596547
ECA640	ECA640	4460135	107.561976101302
ECA701	ECA701	4460135	0
ECA703	ECA703	4460135	0
ECA705	ECA705	4460135	61.0227331959033
ECA706	ECA706	4460135	0
ECA710	ECA710	4460135	107.784989154567
ECA712	ECA712	4460135	72.5857436663492
ECA722	ECA722	4460135	0
ECA723	ECA723	4460135	0
ECA724	ECA724	4460135	0
ECA730	ECA730	4460135	0
ECA732	ECA732	4460135	0
ECA733	ECA733	4460135	0
ECA738	ECA738	4460135	95.4956022186541
ECA740	ECA740	4460135	0
ECA741	ECA741	4460135	0
ECA742	ECA742	4460135	1.71159043673794
ECA743	ECA743	4460135	67.0876003772069
ECA744	ECA744	4460135	0
ECA745	ECA745	4460135	0
ECA746	ECA746	4460135	0
ECA760	ECA760	4460135	93.4079885107372
ECA768	ECA768	4460135	0
ECA777	ECA777	4460135	107.414696256399
ECA778	ECA778	4460135	81.4354066985646
ECA807	ECA807	4460135	0
ECA812	ECA812	4460135	0
ECA923	ECA923	4460135	99.1542595969547
ECA928	ECA928	4460135	72.0047756442145
ECA930	ECA930	4460135	148.533277651959
ED3005	ED3005	4460135	134.010679528034
ED3011	ED3011	4460135	130.215256832815
ED3012	ED3012	4460135	142.592453765909
ED3017	ED3017	4460135	132.14761084058
ED3040	ED3040	4460135	0
ED3046	ED3046	4460135	134.396375093625
ED3048	ED3048	4460135	139.137772974811
ED3049	ED3049	4460135	163.573569659846
ED3052	ED3052	4460135	129.369832812787
ED3073	ED3073	4460135	141.247941201672
ED3077	ED3077	4460135	119.054556595927
EG4347	EG4347	4460135	187.689891511243
EG4349	EG4349	4460135	102.474608702308
EG4724	EG4724	4460135	132.947656689379
EG4725	EG4725	4460135	105.925799629625
EG4946	EG4946	4460135	160.868485727946
GXW1	GXW1	4460135	157.710310922832
JR4305	JR4305	4460135	81.5949688608798
JT11398	JT11398	4460135	108.402098073498
JU1088	JU1088	4460135	157.786431641416
JU1172	JU1172	4460135	114.829221258704
JU1200	JU1200	4460135	145.905873949892
JU1212	JU1212	4460135	171.362095708623
JU1213	JU1213	4460135	136.166403259597
JU1242	JU1242	4460135	194.869154532333
JU1246	JU1246	4460135	134.735748185526
JU1249	JU1249	4460135	106.590923719929
JU1395	JU1395	4460135	140.284942886812
JU1400	JU1400	4460135	122.34838289821
JU1409	JU1409	4460135	95.4029803847297
JU1440	JU1440	4460135	88.6713331415604
JU1491	JU1491	4460135	122.701286488368
JU1530	JU1530	4460135	148.808478651311
JU1543	JU1543	4460135	142.501192551346
JU1568	JU1568	4460135	139.784079625576
JU1581	JU1581	4460135	0
JU1586	JU1586	4460135	164.257830231502
JU1652	JU1652	4460135	164.583032346095
JU1666	JU1666	4460135	78.6490249449921
JU1792	JU1792	4460135	124.548121079749
JU1793	JU1793	4460135	138.635967595425
JU1808	JU1808	4460135	89.9587774252164
JU1896	JU1896	4460135	0
JU1934	JU1934	4460135	107.640998821205
JU2001	JU2001	4460135	108.264462093212
JU2007	JU2007	4460135	0
JU2016	JU2016	4460135	109.642389978938
JU2017	JU2017	4460135	93.5196544788677
JU2106	JU2106	4460135	0
JU2131	JU2131	4460135	107.100364045343
JU2141	JU2141	4460135	131.950116686114
JU2234	JU2234	4460135	115.587705971719
JU2250	JU2250	4460135	101.877590610049
JU2257	JU2257	4460135	111.841252477269
JU2316	JU2316	4460135	0
JU2464	JU2464	4460135	95.9285294546483
JU2466	JU2466	4460135	100.843337964497
JU2478	JU2478	4460135	99.6484148884156
JU2513	JU2513	4460135	130.781640731935
JU2519	JU2519	4460135	106.636411858313
JU2522	JU2522	4460135	143.846631868783
JU2526	JU2526	4460135	0
JU2534	JU2534	4460135	120.292518723002
JU2565	JU2565	4460135	93.0121006010755
JU2566	JU2566	4460135	98.9399486516268
JU2570	JU2570	4460135	111.077033952594
JU2572	JU2572	4460135	100.821028453127
JU2575	JU2575	4460135	91.1717073594067
JU2576	JU2576	4460135	101.053565079508
JU2578	JU2578	4460135	119.573550263152
JU2581	JU2581	4460135	116.996236566093
JU2586	JU2586	4460135	86.5642007056993
JU2587	JU2587	4460135	62.3754262953278
JU258	JU258	4460135	0
JU2592	JU2592	4460135	86.8145824555301
JU2593	JU2593	4460135	127.1531433785
JU2600	JU2600	4460135	78.1070575660195
JU2610	JU2610	4460135	86.5898630989256
JU2619	JU2619	4460135	0
JU2800	JU2800	4460135	123.811587591241
JU2811	JU2811	4460135	67.5771141358574
JU2825	JU2825	4460135	119.87477846057
JU2829	JU2829	4460135	70.5549742303217
JU2838	JU2838	4460135	69.3236097984623
JU2841	JU2841	4460135	88.9337097411078
JU2853	JU2853	4460135	128.581396400568
JU2862	JU2862	4460135	116.078096249933
JU2866	JU2866	4460135	87.765996150208
JU2878	JU2878	4460135	88.1738872640562
JU2879	JU2879	4460135	124.318409907678
JU2906	JU2906	4460135	110.676415770609
JU2907	JU2907	4460135	89.3729944127128
JU310	JU310	4460135	140.987281503181
JU311	JU311	4460135	106.867113732579
JU3125	JU3125	4460135	99.7194038771501
JU3127	JU3127	4460135	44.6978025371493
JU3128	JU3128	4460135	83.1533278795509
JU3132	JU3132	4460135	125.297327244033
JU3134	JU3134	4460135	111.093145582186
JU3135	JU3135	4460135	0
JU3137	JU3137	4460135	98.476447747042
JU3140	JU3140	4460135	77.4025186941292
JU3141	JU3141	4460135	63.5179892815806
JU3144	JU3144	4460135	138.581868387614
JU3166	JU3166	4460135	1.58530996914897
JU3167	JU3167	4460135	109.370415268443
JU3169	JU3169	4460135	147.745341071481
JU3224	JU3224	4460135	60.7891679501756
JU3225	JU3225	4460135	102.981006387419
JU3226	JU3226	4460135	0
JU3228	JU3228	4460135	68.5269526848529
JU323	JU323	4460135	129.844279942195
JU3280	JU3280	4460135	78.4622389904377
JU3282	JU3282	4460135	99.8527335784869
JU3291	JU3291	4460135	76.9058565993893
JU3318	JU3318	4460135	72.4624835882023
JU346	JU346	4460135	152.787668875477
JU360	JU360	4460135	128.352760133587
JU367	JU367	4460135	172.326856670395
JU3795	JU3795	4460135	75.4805516583397
JU393	JU393	4460135	150.856714053445
JU394	JU394	4460135	168.863594862743
JU397	JU397	4460135	128.420726796314
JU4047	JU4047	4460135	126.490404035173
JU406	JU406	4460135	95.4991705625095
JU4073	JU4073	4460135	62.8163051414944
JU4082	JU4082	4460135	95.2697721767825
JU4098	JU4098	4460135	83.9255232299243
JU4161	JU4161	4460135	0
JU440	JU440	4460135	154.407936015693
JU561	JU561	4460135	136.749664349291
JU642	JU642	4460135	12.2319920711434
JU751	JU751	4460135	112.914680090492
JU774	JU774	4460135	114.796015481251
JU775	JU775	4460135	122.308709557938
JU778	JU778	4460135	122.191885910991
JU782	JU782	4460135	126.413926313029
JU792	JU792	4460135	112.254605848961
JU830	JU830	4460135	202.624184367624
JU847	JU847	4460135	172.269540379122
KR314	KR314	4460135	149.073246077555
LKC34	LKC34	4460135	155.607119758914
MY10	MY10	4460135	105.746437226237
MY16	MY16	4460135	163.998604361247
MY18	MY18	4460135	0
MY1	MY1	4460135	143.382061590968
MY2147	MY2147	4460135	151.506345445298
MY2212	MY2212	4460135	115.347721822542
MY23	MY23	4460135	147.48941531903
MY2453	MY2453	4460135	82.4954187667002
MY2530	MY2530	4460135	115.102934603002
MY2535	MY2535	4460135	116.32927869294
MY2573	MY2573	4460135	83.970040827358
MY2585	MY2585	4460135	143.053626331763
MY2693	MY2693	4460135	111.847926877732
MY2713	MY2713	4460135	0
MY2741	MY2741	4460135	116.015120472179
MY518	MY518	4460135	80.2327561435064
MY679	MY679	4460135	0
MY772	MY772	4460135	135.923427987375
MY795	MY795	4460135	73.4729441509647
MY920	MY920	4460135	120.936787195348
N2	N2	4460135	190.297879536558
NIC1049	NIC1049	4460135	83.2885784519824
NIC1107	NIC1107	4460135	106.643933698839
NIC1119	NIC1119	4460135	99.4126690008709
NIC166	NIC166	4460135	172.163937546066
NIC1698	NIC1698	4460135	46.8762144600413
NIC1700	NIC1700	4460135	61.5519822189966
NIC1772	NIC1772	4460135	97.0094471026359
NIC1773	NIC1773	4460135	115.529966894465
NIC1775	NIC1775	4460135	138.025024223786
NIC1779	NIC1779	4460135	66.1017818706727
NIC1780	NIC1780	4460135	120.183925239163
NIC1782	NIC1782	4460135	77.1275761640219
NIC1783	NIC1783	4460135	98.0373941129676
NIC1785	NIC1785	4460135	105.491776037689
NIC1786	NIC1786	4460135	94.4078247926856
NIC1787	NIC1787	4460135	115.034682705696
NIC1788	NIC1788	4460135	81.1704557372082
NIC1789	NIC1789	4460135	131.596443069994
NIC1790	NIC1790	4460135	0
NIC1791	NIC1791	4460135	45.2896152369934
NIC1792	NIC1792	4460135	97.3744997535095
NIC1794	NIC1794	4460135	109.08673710394
NIC1796	NIC1796	4460135	95.4743793176488
NIC1798	NIC1798	4460135	94.5104722998878
NIC1799	NIC1799	4460135	93.2857271754682
NIC1801	NIC1801	4460135	104.03902913952
NIC1802	NIC1802	4460135	92.84918416459
NIC1805	NIC1805	4460135	86.4042960323289
NIC1806	NIC1806	4460135	71.9137025060631
NIC1808	NIC1808	4460135	79.5364440378164
NIC1809	NIC1809	4460135	89.9025540829441
NIC1810	NIC1810	4460135	0
NIC1811	NIC1811	4460135	83.352158443535
NIC1812	NIC1812	4460135	47.4484540095606
NIC1832	NIC1832	4460135	63.5470075372728
NIC195	NIC195	4460135	0
NIC199	NIC199	4460135	139.83645337815
NIC1	NIC1	4460135	139.547631174061
NIC2021	NIC2021	4460135	81.7611681654482
NIC2076	NIC2076	4460135	54.9954731679357
NIC207	NIC207	4460135	88.2339779171938
NIC231	NIC231	4460135	143.332771591415
NIC236	NIC236	4460135	155.823469850913
NIC242	NIC242	4460135	128.968294733399
NIC251	NIC251	4460135	0
NIC252	NIC252	4460135	123.085043929159
NIC255	NIC255	4460135	154.775923685173
NIC256	NIC256	4460135	85.063719627761
NIC258	NIC258	4460135	81.8479215822594
NIC259	NIC259	4460135	0
NIC260	NIC260	4460135	93.1989833852493
NIC261	NIC261	4460135	108.723803800796
NIC262	NIC262	4460135	49.8474069194731
NIC265	NIC265	4460135	0
NIC266	NIC266	4460135	76.7434791112411
NIC267	NIC267	4460135	159.498463741504
NIC268	NIC268	4460135	111.521934381769
NIC269	NIC269	4460135	101.382643412482
NIC271	NIC271	4460135	83.2572968708915
NIC272	NIC272	4460135	103.990114243271
NIC274	NIC274	4460135	76.826616767305
NIC275	NIC275	4460135	98.3884068031933
NIC276	NIC276	4460135	80.040737898363
NIC277	NIC277	4460135	110.000413421108
NIC2	NIC2	4460135	156.452186277995
NIC3	NIC3	4460135	156.595965661057
NIC501	NIC501	4460135	109.16198268614
NIC511	NIC511	4460135	105.047183078602
NIC513	NIC513	4460135	121.250502613591
NIC514	NIC514	4460135	111.208544448383
NIC515	NIC515	4460135	148.017192999105
NIC522	NIC522	4460135	116.209961098491
NIC523	NIC523	4460135	109.249149848908
NIC526	NIC526	4460135	0
NIC527	NIC527	4460135	96.9246702948942
NIC528	NIC528	4460135	1.70079281968945
NIC529	NIC529	4460135	115.735598858114
PB303	PB303	4460135	176.100892975175
PS2025	PS2025	4460135	87.9355343542986
PX179	PX179	4460135	120.575903669515
QG2075	QG2075	4460135	94.7139052538132
QG2811	QG2811	4460135	0
QG2813	QG2813	4460135	77.9674650770281
QG2818	QG2818	4460135	78.4613883498304
QG2823	QG2823	4460135	0
QG2824	QG2824	4460135	0
QG2825	QG2825	4460135	89.4512195121952
QG2827	QG2827	4460135	98.0939202352011
QG2828	QG2828	4460135	71.2553806811394
QG2832	QG2832	4460135	87.5269270061154
QG2835	QG2835	4460135	107.885717855307
QG2836	QG2836	4460135	126.531480472404
QG2837	QG2837	4460135	105.689947838995
QG2838	QG2838	4460135	100.591140606367
QG2841	QG2841	4460135	80.8095996665128
QG2843	QG2843	4460135	127.341555061448
QG2846	QG2846	4460135	109.082061389217
QG2850	QG2850	4460135	71.775127936101
QG2854	QG2854	4460135	99.2999218873648
QG2855	QG2855	4460135	100.333864653999
QG2857	QG2857	4460135	70.1535121022854
QG2873	QG2873	4460135	69.458982870393
QG2874	QG2874	4460135	84.5198721901453
QG2875	QG2875	4460135	115.097682929227
QG2877	QG2877	4460135	90.0095516685571
QG2932	QG2932	4460135	0
QG4003	QG4003	4460135	93.1898288693508
QG4004	QG4004	4460135	72.0852117575309
QG4006	QG4006	4460135	105.286780743134
QG4008	QG4008	4460135	82.3206881454583
QG4010	QG4010	4460135	78.527888427002
QG4012	QG4012	4460135	96.5600054893529
QG4015	QG4015	4460135	0
QG4017	QG4017	4460135	87.4353646160538
QG4018	QG4018	4460135	99.4307480282085
QG4021	QG4021	4460135	88.832623954979
QG4080	QG4080	4460135	99.7351669526703
QG4103	QG4103	4460135	95.839094610367
QG4135	QG4135	4460135	0
QG4138	QG4138	4460135	89.6899475991614
QG4147	QG4147	4460135	89.0108750427144
QG4151	QG4151	4460135	0
QG4193	QG4193	4460135	52.6320765351204
QG4226	QG4226	4460135	0
QG4228	QG4228	4460135	108.341142027606
QG536	QG536	4460135	139.432350431132
QG556	QG556	4460135	150.669199202031
QG557	QG557	4460135	155.875012017595
QW947	QW947	4460135	98.8804130105439
QX1211	QX1211	4460135	0
QX1212	QX1212	4460135	180.925792423432
QX1233	QX1233	4460135	121.57795710967
QX1791	QX1791	4460135	0
QX1792	QX1792	4460135	145.09373242517
QX1793	QX1793	4460135	126.092742227102
QX1794	QX1794	4460135	85.0925076517242
RC301	RC301	4460135	130.122110012567
TWN2530	TWN2530	4460135	86.8033770898278
TWN2542	TWN2542	4460135	67.7237238322528
WN2001	WN2001	4460135	0
WN2002	WN2002	4460135	0
WN2033	WN2033	4460135	100.210294568169
WN2050	WN2050	4460135	145.101741748748
WN2063	WN2063	4460135	84.7571365832236
WN2064	WN2064	4460135	69.7035994679471
WN2066	WN2066	4460135	84.1019248241036
WN2068	WN2068	4460135	124.64980163039
WN2069	WN2069	4460135	74.8206131767776
WN2082	WN2082	4460135	121.346366906521
WN2086	WN2086	4460135	40.6626302943675
WN2107	WN2107	4460135	80.7640550727605
WN2117	WN2117	4460135	84.8089284175224
XZ1513	XZ1513	4460135	73.2640374366855
XZ1514	XZ1514	4460135	0
XZ1515	XZ1515	4460135	113.359926485945
XZ1516	XZ1516	4460135	0
XZ1672	XZ1672	4460135	115.705388883788
XZ1734	XZ1734	4460135	67.1869297817661
XZ1735	XZ1735	4460135	85.335595083783
XZ1756	XZ1756	4460135	110.468423928274
XZ2018	XZ2018	4460135	121.902308539187
XZ2019	XZ2019	4460135	0
XZ2020	XZ2020	4460135	87.9997743221395
XZ2211	XZ2211	4460135	77.2521743585803
