strain	id	culture_year	edited	allele	condition	transcript	tpm
JU2106	GZ_B10_A1_ECA3095	2022	TRUE	REF	JU2106_edits	C36A4.11.1	1.6649811163091
JU2106	GZ_B10_A4_ECA3098	2022	TRUE	REF	JU2106_edits	C36A4.11.1	1.50134595278916
JU2106	GZ_B10_B4_ECA3095	2022	TRUE	REF	JU2106_edits	C36A4.11.1	1.15939042500794
JU2106	GZ_B10_B7_ECA3098	2022	TRUE	REF	JU2106_edits	C36A4.11.1	1.36457645846698
JU2106	GZ_B10_C7_ECA3095	2022	TRUE	REF	JU2106_edits	C36A4.11.1	1.46798464648247
JU2106	GZ_B10_D1_ECA3098	2022	TRUE	REF	JU2106_edits	C36A4.11.1	2.03169125913655
JU2106	GZ_B10_D7	2022	FALSE	ALT	JU2106	C36A4.11.1	1.3486337287935
JU2106	GZ_B10_E1_ECA3095	2022	TRUE	REF	JU2106_edits	C36A4.11.1	1.91534579474754
JU2106	GZ_B10_E4_ECA3098	2022	TRUE	REF	JU2106_edits	C36A4.11.1	0.597961713551142
JU2106	GZ_B10_F1	2022	FALSE	ALT	JU2106	C36A4.11.1	1.49723369154955
JU2106	GZ_B10_F4_ECA3095	2022	TRUE	REF	JU2106_edits	C36A4.11.1	1.3264512015892
JU2106	GZ_B10_F7_ECA3098	2022	TRUE	REF	JU2106_edits	C36A4.11.1	1.23399072362765
JU2106	GZ_B10_G4	2022	FALSE	ALT	JU2106	C36A4.11.1	0.650818184269987
JU2106	GZ_B10_H1_ECA3098	2022	TRUE	REF	JU2106_edits	C36A4.11.1	1.27541745503478
JU2106	GZ_B10_H7	2022	FALSE	ALT	JU2106	C36A4.11.1	1.18337996809136
JU2106	GZ_B3_D9	2017	FALSE	ALT	JU2106	C36A4.11.1	1.98138928582377
JU2106	GZ_B5_B8	2017	FALSE	ALT	JU2106	C36A4.11.1	0.768687827775104
JU2106	GZr_B3_B5	2017	FALSE	ALT	JU2106	C36A4.11.1	1.19730950756252
JU2141	GZ_B10_A6_ECA3100	2022	TRUE	ALT	JU2141_edits	C36A4.11.1	2.35955168817824
JU2141	GZ_B10_B8_ECA3099	2022	TRUE	ALT	JU2141_edits	C36A4.11.1	2.26978444083233
JU2141	GZ_B10_B9_ECA3100	2022	TRUE	ALT	JU2141_edits	C36A4.11.1	3.43390627032855
JU2141	GZ_B10_C5	2022	FALSE	REF	JU2141	C36A4.11.1	3.90997119485508
JU2141	GZ_B10_D2_ECA3099	2022	TRUE	ALT	JU2141_edits	C36A4.11.1	2.86665756757958
JU2141	GZ_B10_D8	2022	FALSE	REF	JU2141	C36A4.11.1	2.50909945836821
JU2141	GZ_B10_E5_ECA3099	2022	TRUE	ALT	JU2141_edits	C36A4.11.1	3.49384491085095
JU2141	GZ_B10_E6_ECA3100	2022	TRUE	ALT	JU2141_edits	C36A4.11.1	2.94700601114664
JU2141	GZ_B10_G5	2022	FALSE	REF	JU2141	C36A4.11.1	3.97609037020265
JU2141	GZ_B10_H2_ECA3099	2022	TRUE	ALT	JU2141_edits	C36A4.11.1	2.22772226614998
JU2141	GZ_B10_H3_ECA3100	2022	TRUE	ALT	JU2141_edits	C36A4.11.1	3.15548793755607
JU2141	GZ_B10_H8	2022	FALSE	REF	JU2141	C36A4.11.1	2.20630958660013
JU2141	GZ_B2_A7	2017	FALSE	REF	JU2141	C36A4.11.1	2.96614301661454
JU2141	GZ_B4_I1	2017	FALSE	REF	JU2141	C36A4.11.1	4.64098122782775
JU2141	GZr_B2_D8	2017	FALSE	REF	JU2141	C36A4.11.1	3.52047989743429
JU3144	GZ_B10_A2_ECA3096	2022	TRUE	ALT	JU3144_edits	C36A4.11.1	2.99561691293909
JU3144	GZ_B10_A3_ECA3097	2022	TRUE	ALT	JU3144_edits	C36A4.11.1	5.76715115114421
JU3144	GZ_B10_B5_ECA3096	2022	TRUE	ALT	JU3144_edits	C36A4.11.1	1.63049617024811
JU3144	GZ_B10_C6	2022	FALSE	REF	JU3144	C36A4.11.1	3.15366359688567
JU3144	GZ_B10_C8_ECA3096	2022	TRUE	ALT	JU3144_edits	C36A4.11.1	2.98284372357056
JU3144	GZ_B10_C9_ECA3097	2022	TRUE	ALT	JU3144_edits	C36A4.11.1	1.83241788468792
JU3144	GZ_B10_D9	2022	FALSE	REF	JU3144	C36A4.11.1	2.27490036954921
JU3144	GZ_B10_F3	2022	FALSE	REF	JU3144	C36A4.11.1	2.3998867498219
JU3144	GZ_B10_F6_ECA3097	2022	TRUE	ALT	JU3144_edits	C36A4.11.1	3.40915659653024
JU3144	GZ_B10_G6	2022	FALSE	REF	JU3144	C36A4.11.1	2.8653533133728
JU3144	GZ_B10_G8_ECA3096	2022	TRUE	ALT	JU3144_edits	C36A4.11.1	2.95956472102665
JU3144	GZ_B10_G9_ECA3097	2022	TRUE	ALT	JU3144_edits	C36A4.11.1	2.49601309821208
JU3144	GZ_B10_H9	2022	FALSE	REF	JU3144	C36A4.11.1	4.78802781518879
JU3144	GZ_B2_F6	2017	FALSE	REF	JU3144	C36A4.11.1	2.76071847987651
JU3144	GZ_B5_A2	2017	FALSE	REF	JU3144	C36A4.11.1	2.95539197522385
JU642	GZ_B10_A9	2022	FALSE	ALT	JU642	C36A4.11.1	2.36533173141158
JU642	GZ_B10_C1_ECA3101	2022	TRUE	REF	JU642_edits	C36A4.11.1	0.919760194206192
JU642	GZ_B10_C2_ECA3102	2022	TRUE	REF	JU642_edits	C36A4.11.1	1.09006123075572
JU642	GZ_B10_C3	2022	FALSE	ALT	JU642	C36A4.11.1	0.551348500823887
JU642	GZ_B10_D4_ECA3101	2022	TRUE	REF	JU642_edits	C36A4.11.1	1.010322371343
JU642	GZ_B10_D5_ECA3102	2022	TRUE	REF	JU642_edits	C36A4.11.1	1.43925716247299
JU642	GZ_B10_E8_ECA3102	2022	TRUE	REF	JU642_edits	C36A4.11.1	2.94648016960195
JU642	GZ_B10_E9	2022	FALSE	ALT	JU642	C36A4.11.1	0.743860350528912
JU642	GZ_B10_G1_ECA3101	2022	TRUE	REF	JU642_edits	C36A4.11.1	0.917212886854349
JU642	GZ_B10_G2_ECA3102	2022	TRUE	REF	JU642_edits	C36A4.11.1	1.00264994169738
JU642	GZ_B10_G3	2022	FALSE	ALT	JU642	C36A4.11.1	1.18161182125986
JU642	GZ_B10_H4_ECA3101	2022	TRUE	REF	JU642_edits	C36A4.11.1	0.956221658191807
JU642	GZ_B10_H5_ECA3102	2022	TRUE	REF	JU642_edits	C36A4.11.1	0.483743849982443
JU642	GZ_B10_H6	2022	FALSE	ALT	JU642	C36A4.11.1	0.869056958106997
JU642	GZ_B7_A6	2017	FALSE	ALT	JU642	C36A4.11.1	1.55885715845783
JU642	GZ_B7_D2	2017	FALSE	ALT	JU642	C36A4.11.1	1.01423572613698
JU642	GZr_B5_I2	2017	FALSE	ALT	JU642	C36A4.11.1	1.81000319747961
JU2106	GZ_B10_A1_ECA3095	2022	TRUE	REF	JU2106_edits	C41D11.1a.1	0
JU2106	GZ_B10_A4_ECA3098	2022	TRUE	REF	JU2106_edits	C41D11.1a.1	0.684261536211929
JU2106	GZ_B10_B4_ECA3095	2022	TRUE	REF	JU2106_edits	C41D11.1a.1	0.338798817464279
JU2106	GZ_B10_B7_ECA3098	2022	TRUE	REF	JU2106_edits	C41D11.1a.1	0
JU2106	GZ_B10_C7_ECA3095	2022	TRUE	REF	JU2106_edits	C41D11.1a.1	0.256590201404675
JU2106	GZ_B10_D1_ECA3098	2022	TRUE	REF	JU2106_edits	C41D11.1a.1	0.138748189122806
JU2106	GZ_B10_D7	2022	FALSE	ALT	JU2106	C41D11.1a.1	0.171620608376804
JU2106	GZ_B10_E1_ECA3095	2022	TRUE	REF	JU2106_edits	C41D11.1a.1	0.154731324395206
JU2106	GZ_B10_E4_ECA3098	2022	TRUE	REF	JU2106_edits	C41D11.1a.1	0
JU2106	GZ_B10_F1	2022	FALSE	ALT	JU2106	C41D11.1a.1	0.201959157648283
JU2106	GZ_B10_F4_ECA3095	2022	TRUE	REF	JU2106_edits	C41D11.1a.1	0
JU2106	GZ_B10_F7_ECA3098	2022	TRUE	REF	JU2106_edits	C41D11.1a.1	0.209125394329163
JU2106	GZ_B10_G4	2022	FALSE	ALT	JU2106	C41D11.1a.1	0
JU2106	GZ_B10_H1_ECA3098	2022	TRUE	REF	JU2106_edits	C41D11.1a.1	0.273290016642403
JU2106	GZ_B10_H7	2022	FALSE	ALT	JU2106	C41D11.1a.1	0.17298952452542
JU2106	GZ_B3_D9	2017	FALSE	ALT	JU2106	C41D11.1a.1	0.95439262789626
JU2106	GZ_B5_B8	2017	FALSE	ALT	JU2106	C41D11.1a.1	0.290759673381539
JU2106	GZr_B3_B5	2017	FALSE	ALT	JU2106	C41D11.1a.1	0.286962101402142
JU2141	GZ_B10_A6_ECA3100	2022	TRUE	ALT	JU2141_edits	C41D11.1a.1	0.177899161662175
JU2141	GZ_B10_B8_ECA3099	2022	TRUE	ALT	JU2141_edits	C41D11.1a.1	0.064346446338725
JU2141	GZ_B10_B9_ECA3100	2022	TRUE	ALT	JU2141_edits	C41D11.1a.1	0.174554854789043
JU2141	GZ_B10_C5	2022	FALSE	REF	JU2141	C41D11.1a.1	0.173748705734535
JU2141	GZ_B10_D2_ECA3099	2022	TRUE	ALT	JU2141_edits	C41D11.1a.1	0.368023904686062
JU2141	GZ_B10_D8	2022	FALSE	REF	JU2141	C41D11.1a.1	0
JU2141	GZ_B10_E5_ECA3099	2022	TRUE	ALT	JU2141_edits	C41D11.1a.1	0
JU2141	GZ_B10_E6_ECA3100	2022	TRUE	ALT	JU2141_edits	C41D11.1a.1	0.217214141314426
JU2141	GZ_B10_G5	2022	FALSE	REF	JU2141	C41D11.1a.1	0.465164288075417
JU2141	GZ_B10_H2_ECA3099	2022	TRUE	ALT	JU2141_edits	C41D11.1a.1	0.0711648611048855
JU2141	GZ_B10_H3_ECA3100	2022	TRUE	ALT	JU2141_edits	C41D11.1a.1	0.149536831433716
JU2141	GZ_B10_H8	2022	FALSE	REF	JU2141	C41D11.1a.1	0.0615818904111991
JU2141	GZ_B2_A7	2017	FALSE	REF	JU2141	C41D11.1a.1	0
JU2141	GZ_B4_I1	2017	FALSE	REF	JU2141	C41D11.1a.1	0
JU2141	GZr_B2_D8	2017	FALSE	REF	JU2141	C41D11.1a.1	0.110955113348525
JU3144	GZ_B10_A2_ECA3096	2022	TRUE	ALT	JU3144_edits	C41D11.1a.1	0.442638439381107
JU3144	GZ_B10_A3_ECA3097	2022	TRUE	ALT	JU3144_edits	C41D11.1a.1	0.306386838295426
JU3144	GZ_B10_B5_ECA3096	2022	TRUE	ALT	JU3144_edits	C41D11.1a.1	0.165258624543928
JU3144	GZ_B10_C6	2022	FALSE	REF	JU3144	C41D11.1a.1	0.336032356519322
JU3144	GZ_B10_C8_ECA3096	2022	TRUE	ALT	JU3144_edits	C41D11.1a.1	0.297911530100464
JU3144	GZ_B10_C9_ECA3097	2022	TRUE	ALT	JU3144_edits	C41D11.1a.1	0.228279660089822
JU3144	GZ_B10_D9	2022	FALSE	REF	JU3144	C41D11.1a.1	0.123804821085955
JU3144	GZ_B10_F3	2022	FALSE	REF	JU3144	C41D11.1a.1	0.153456409927947
JU3144	GZ_B10_F6_ECA3097	2022	TRUE	ALT	JU3144_edits	C41D11.1a.1	0.0610109711140433
JU3144	GZ_B10_G6	2022	FALSE	REF	JU3144	C41D11.1a.1	0.444011451908341
JU3144	GZ_B10_G8_ECA3096	2022	TRUE	ALT	JU3144_edits	C41D11.1a.1	0.050574483897474
JU3144	GZ_B10_G9_ECA3097	2022	TRUE	ALT	JU3144_edits	C41D11.1a.1	0.337612012032877
JU3144	GZ_B10_H9	2022	FALSE	REF	JU3144	C41D11.1a.1	0.493648631906714
JU3144	GZ_B2_F6	2017	FALSE	REF	JU3144	C41D11.1a.1	0.315254734979367
JU3144	GZ_B5_A2	2017	FALSE	REF	JU3144	C41D11.1a.1	0.252540304578666
JU642	GZ_B10_A9	2022	FALSE	ALT	JU642	C41D11.1a.1	0
JU642	GZ_B10_C1_ECA3101	2022	TRUE	REF	JU642_edits	C41D11.1a.1	0
JU642	GZ_B10_C2_ECA3102	2022	TRUE	REF	JU642_edits	C41D11.1a.1	0
JU642	GZ_B10_C3	2022	FALSE	ALT	JU642	C41D11.1a.1	0
JU642	GZ_B10_D4_ECA3101	2022	TRUE	REF	JU642_edits	C41D11.1a.1	0
JU642	GZ_B10_D5_ECA3102	2022	TRUE	REF	JU642_edits	C41D11.1a.1	0
JU642	GZ_B10_E8_ECA3102	2022	TRUE	REF	JU642_edits	C41D11.1a.1	0
JU642	GZ_B10_E9	2022	FALSE	ALT	JU642	C41D11.1a.1	0
JU642	GZ_B10_G1_ECA3101	2022	TRUE	REF	JU642_edits	C41D11.1a.1	0
JU642	GZ_B10_G2_ECA3102	2022	TRUE	REF	JU642_edits	C41D11.1a.1	0.310745975486311
JU642	GZ_B10_G3	2022	FALSE	ALT	JU642	C41D11.1a.1	0.371326441068087
JU642	GZ_B10_H4_ECA3101	2022	TRUE	REF	JU642_edits	C41D11.1a.1	0.257980425334098
JU642	GZ_B10_H5_ECA3102	2022	TRUE	REF	JU642_edits	C41D11.1a.1	0
JU642	GZ_B10_H6	2022	FALSE	ALT	JU642	C41D11.1a.1	0
JU642	GZ_B7_A6	2017	FALSE	ALT	JU642	C41D11.1a.1	0
JU642	GZ_B7_D2	2017	FALSE	ALT	JU642	C41D11.1a.1	0
JU642	GZr_B5_I2	2017	FALSE	ALT	JU642	C41D11.1a.1	0
JU2106	GZ_B10_A1_ECA3095	2022	TRUE	REF	JU2106_edits	C41D11.1b.1	0.100250932857274
JU2106	GZ_B10_A4_ECA3098	2022	TRUE	REF	JU2106_edits	C41D11.1b.1	0.000612458972106226
JU2106	GZ_B10_B4_ECA3095	2022	TRUE	REF	JU2106_edits	C41D11.1b.1	0
JU2106	GZ_B10_B7_ECA3098	2022	TRUE	REF	JU2106_edits	C41D11.1b.1	0.13369445473098
JU2106	GZ_B10_C7_ECA3095	2022	TRUE	REF	JU2106_edits	C41D11.1b.1	0.204546854463653
JU2106	GZ_B10_D1_ECA3098	2022	TRUE	REF	JU2106_edits	C41D11.1b.1	0.0663331114112954
JU2106	GZ_B10_D7	2022	FALSE	ALT	JU2106	C41D11.1b.1	0
JU2106	GZ_B10_E1_ECA3095	2022	TRUE	REF	JU2106_edits	C41D11.1b.1	0.00924517667317071
JU2106	GZ_B10_E4_ECA3098	2022	TRUE	REF	JU2106_edits	C41D11.1b.1	0
JU2106	GZ_B10_F1	2022	FALSE	ALT	JU2106	C41D11.1b.1	0.0730237659135769
JU2106	GZ_B10_F4_ECA3095	2022	TRUE	REF	JU2106_edits	C41D11.1b.1	0.221106760350396
JU2106	GZ_B10_F7_ECA3098	2022	TRUE	REF	JU2106_edits	C41D11.1b.1	0
JU2106	GZ_B10_G4	2022	FALSE	ALT	JU2106	C41D11.1b.1	0.117685145982212
JU2106	GZ_B10_H1_ECA3098	2022	TRUE	REF	JU2106_edits	C41D11.1b.1	0.0393057966881528
JU2106	GZ_B10_H7	2022	FALSE	ALT	JU2106	C41D11.1b.1	0.169288320526603
JU2106	GZ_B3_D9	2017	FALSE	ALT	JU2106	C41D11.1b.1	0
JU2106	GZ_B5_B8	2017	FALSE	ALT	JU2106	C41D11.1b.1	0.373775029025895
JU2106	GZr_B3_B5	2017	FALSE	ALT	JU2106	C41D11.1b.1	0.204390070684804
JU2141	GZ_B10_A6_ECA3100	2022	TRUE	ALT	JU2141_edits	C41D11.1b.1	0.80059246431474
JU2141	GZ_B10_B8_ECA3099	2022	TRUE	ALT	JU2141_edits	C41D11.1b.1	0.133574808669328
JU2141	GZ_B10_B9_ECA3100	2022	TRUE	ALT	JU2141_edits	C41D11.1b.1	0.315971288554919
JU2141	GZ_B10_C5	2022	FALSE	REF	JU2141	C41D11.1b.1	0.382377304511801
JU2141	GZ_B10_D2_ECA3099	2022	TRUE	ALT	JU2141_edits	C41D11.1b.1	0.145683093461536
JU2141	GZ_B10_D8	2022	FALSE	REF	JU2141	C41D11.1b.1	0.160043152767502
JU2141	GZ_B10_E5_ECA3099	2022	TRUE	ALT	JU2141_edits	C41D11.1b.1	0.315408868493341
JU2141	GZ_B10_E6_ECA3100	2022	TRUE	ALT	JU2141_edits	C41D11.1b.1	0.197544608591684
JU2141	GZ_B10_G5	2022	FALSE	REF	JU2141	C41D11.1b.1	1.60958800678118e-07
JU2141	GZ_B10_H2_ECA3099	2022	TRUE	ALT	JU2141_edits	C41D11.1b.1	0.21673836923408
JU2141	GZ_B10_H3_ECA3100	2022	TRUE	ALT	JU2141_edits	C41D11.1b.1	0.0567173898308894
JU2141	GZ_B10_H8	2022	FALSE	REF	JU2141	C41D11.1b.1	0.343710542442533
JU2141	GZ_B2_A7	2017	FALSE	REF	JU2141	C41D11.1b.1	0.537932544919787
JU2141	GZ_B4_I1	2017	FALSE	REF	JU2141	C41D11.1b.1	0
JU2141	GZr_B2_D8	2017	FALSE	REF	JU2141	C41D11.1b.1	0.447874763770533
JU3144	GZ_B10_A2_ECA3096	2022	TRUE	ALT	JU3144_edits	C41D11.1b.1	0.105788006727462
JU3144	GZ_B10_A3_ECA3097	2022	TRUE	ALT	JU3144_edits	C41D11.1b.1	0.0888174155299706
JU3144	GZ_B10_B5_ECA3096	2022	TRUE	ALT	JU3144_edits	C41D11.1b.1	0.412313741974045
JU3144	GZ_B10_C6	2022	FALSE	REF	JU3144	C41D11.1b.1	0.0582888884179019
JU3144	GZ_B10_C8_ECA3096	2022	TRUE	ALT	JU3144_edits	C41D11.1b.1	0.516368318851548
JU3144	GZ_B10_C9_ECA3097	2022	TRUE	ALT	JU3144_edits	C41D11.1b.1	0.303161283218213
JU3144	GZ_B10_D9	2022	FALSE	REF	JU3144	C41D11.1b.1	0.259465868833998
JU3144	GZ_B10_F3	2022	FALSE	REF	JU3144	C41D11.1b.1	4.45369365780862e-05
JU3144	GZ_B10_F6_ECA3097	2022	TRUE	ALT	JU3144_edits	C41D11.1b.1	0.477712902013227
JU3144	GZ_B10_G6	2022	FALSE	REF	JU3144	C41D11.1b.1	0.276127051014553
JU3144	GZ_B10_G8_ECA3096	2022	TRUE	ALT	JU3144_edits	C41D11.1b.1	0.107627481288121
JU3144	GZ_B10_G9_ECA3097	2022	TRUE	ALT	JU3144_edits	C41D11.1b.1	0.351507089077635
JU3144	GZ_B10_H9	2022	FALSE	REF	JU3144	C41D11.1b.1	0
JU3144	GZ_B2_F6	2017	FALSE	REF	JU3144	C41D11.1b.1	0.12085485105715
JU3144	GZ_B5_A2	2017	FALSE	REF	JU3144	C41D11.1b.1	0.562727853732269
JU642	GZ_B10_A9	2022	FALSE	ALT	JU642	C41D11.1b.1	0
JU642	GZ_B10_C1_ECA3101	2022	TRUE	REF	JU642_edits	C41D11.1b.1	0
JU642	GZ_B10_C2_ECA3102	2022	TRUE	REF	JU642_edits	C41D11.1b.1	0.152119419620808
JU642	GZ_B10_C3	2022	FALSE	ALT	JU642	C41D11.1b.1	0
JU642	GZ_B10_D4_ECA3101	2022	TRUE	REF	JU642_edits	C41D11.1b.1	0
JU642	GZ_B10_D5_ECA3102	2022	TRUE	REF	JU642_edits	C41D11.1b.1	0
JU642	GZ_B10_E8_ECA3102	2022	TRUE	REF	JU642_edits	C41D11.1b.1	0.200320218064064
JU642	GZ_B10_E9	2022	FALSE	ALT	JU642	C41D11.1b.1	0
JU642	GZ_B10_G1_ECA3101	2022	TRUE	REF	JU642_edits	C41D11.1b.1	0.0727317886633025
JU642	GZ_B10_G2_ECA3102	2022	TRUE	REF	JU642_edits	C41D11.1b.1	0.134722071071294
JU642	GZ_B10_G3	2022	FALSE	ALT	JU642	C41D11.1b.1	0.0175674758740069
JU642	GZ_B10_H4_ECA3101	2022	TRUE	REF	JU642_edits	C41D11.1b.1	0.0381224135938241
JU642	GZ_B10_H5_ECA3102	2022	TRUE	REF	JU642_edits	C41D11.1b.1	0.186483763290163
JU642	GZ_B10_H6	2022	FALSE	ALT	JU642	C41D11.1b.1	0
JU642	GZ_B7_A6	2017	FALSE	ALT	JU642	C41D11.1b.1	0.489226031374032
JU642	GZ_B7_D2	2017	FALSE	ALT	JU642	C41D11.1b.1	0
JU642	GZr_B5_I2	2017	FALSE	ALT	JU642	C41D11.1b.1	0.282204898619747
JU2106	GZ_B10_A1_ECA3095	2022	TRUE	REF	JU2106_edits	C41D11.1c.1	5.59563757838022
JU2106	GZ_B10_A4_ECA3098	2022	TRUE	REF	JU2106_edits	C41D11.1c.1	8.42623898261649
JU2106	GZ_B10_B4_ECA3095	2022	TRUE	REF	JU2106_edits	C41D11.1c.1	9.91441120531852
JU2106	GZ_B10_B7_ECA3098	2022	TRUE	REF	JU2106_edits	C41D11.1c.1	10.8151079387095
JU2106	GZ_B10_C7_ECA3095	2022	TRUE	REF	JU2106_edits	C41D11.1c.1	9.92985034083579
JU2106	GZ_B10_D1_ECA3098	2022	TRUE	REF	JU2106_edits	C41D11.1c.1	8.84511890747131
JU2106	GZ_B10_D7	2022	FALSE	ALT	JU2106	C41D11.1c.1	9.91580216288299
JU2106	GZ_B10_E1_ECA3095	2022	TRUE	REF	JU2106_edits	C41D11.1c.1	10.6843850535986
JU2106	GZ_B10_E4_ECA3098	2022	TRUE	REF	JU2106_edits	C41D11.1c.1	12.0880191632678
JU2106	GZ_B10_F1	2022	FALSE	ALT	JU2106	C41D11.1c.1	11.3194899492711
JU2106	GZ_B10_F4_ECA3095	2022	TRUE	REF	JU2106_edits	C41D11.1c.1	8.11656233705786
JU2106	GZ_B10_F7_ECA3098	2022	TRUE	REF	JU2106_edits	C41D11.1c.1	9.85763944816445
JU2106	GZ_B10_G4	2022	FALSE	ALT	JU2106	C41D11.1c.1	10.5790277429142
JU2106	GZ_B10_H1_ECA3098	2022	TRUE	REF	JU2106_edits	C41D11.1c.1	9.2601275949663
JU2106	GZ_B10_H7	2022	FALSE	ALT	JU2106	C41D11.1c.1	10.6357942019884
JU2106	GZ_B3_D9	2017	FALSE	ALT	JU2106	C41D11.1c.1	12.0553050798387
JU2106	GZ_B5_B8	2017	FALSE	ALT	JU2106	C41D11.1c.1	12.8379348466243
JU2106	GZr_B3_B5	2017	FALSE	ALT	JU2106	C41D11.1c.1	13.7051081343545
JU2141	GZ_B10_A6_ECA3100	2022	TRUE	ALT	JU2141_edits	C41D11.1c.1	1.17284507116756
JU2141	GZ_B10_B8_ECA3099	2022	TRUE	ALT	JU2141_edits	C41D11.1c.1	0.702841396779427
JU2141	GZ_B10_B9_ECA3100	2022	TRUE	ALT	JU2141_edits	C41D11.1c.1	1.85729535837992
JU2141	GZ_B10_C5	2022	FALSE	REF	JU2141	C41D11.1c.1	0.974469639879329
JU2141	GZ_B10_D2_ECA3099	2022	TRUE	ALT	JU2141_edits	C41D11.1c.1	1.65413182645205
JU2141	GZ_B10_D8	2022	FALSE	REF	JU2141	C41D11.1c.1	2.74195009210879
JU2141	GZ_B10_E5_ECA3099	2022	TRUE	ALT	JU2141_edits	C41D11.1c.1	0.223411646370432
JU2141	GZ_B10_E6_ECA3100	2022	TRUE	ALT	JU2141_edits	C41D11.1c.1	1.16268007184426
JU2141	GZ_B10_G5	2022	FALSE	REF	JU2141	C41D11.1c.1	2.3117378544883
JU2141	GZ_B10_H2_ECA3099	2022	TRUE	ALT	JU2141_edits	C41D11.1c.1	1.80232059674464
JU2141	GZ_B10_H3_ECA3100	2022	TRUE	ALT	JU2141_edits	C41D11.1c.1	2.10424567903684
JU2141	GZ_B10_H8	2022	FALSE	REF	JU2141	C41D11.1c.1	1.72294992516512
JU2141	GZ_B2_A7	2017	FALSE	REF	JU2141	C41D11.1c.1	1.31179676566012
JU2141	GZ_B4_I1	2017	FALSE	REF	JU2141	C41D11.1c.1	2.21000347985406
JU2141	GZr_B2_D8	2017	FALSE	REF	JU2141	C41D11.1c.1	0.931586633711406
JU3144	GZ_B10_A2_ECA3096	2022	TRUE	ALT	JU3144_edits	C41D11.1c.1	0.732875568827699
JU3144	GZ_B10_A3_ECA3097	2022	TRUE	ALT	JU3144_edits	C41D11.1c.1	0.491318586061496
JU3144	GZ_B10_B5_ECA3096	2022	TRUE	ALT	JU3144_edits	C41D11.1c.1	1.39068716450244
JU3144	GZ_B10_C6	2022	FALSE	REF	JU3144	C41D11.1c.1	2.21422734952523
JU3144	GZ_B10_C8_ECA3096	2022	TRUE	ALT	JU3144_edits	C41D11.1c.1	1.23335132021784
JU3144	GZ_B10_C9_ECA3097	2022	TRUE	ALT	JU3144_edits	C41D11.1c.1	1.95477341971198
JU3144	GZ_B10_D9	2022	FALSE	REF	JU3144	C41D11.1c.1	1.56898924565516
JU3144	GZ_B10_F3	2022	FALSE	REF	JU3144	C41D11.1c.1	4.00160002213886
JU3144	GZ_B10_F6_ECA3097	2022	TRUE	ALT	JU3144_edits	C41D11.1c.1	1.17153248442435
JU3144	GZ_B10_G6	2022	FALSE	REF	JU3144	C41D11.1c.1	0.806214938709076
JU3144	GZ_B10_G8_ECA3096	2022	TRUE	ALT	JU3144_edits	C41D11.1c.1	2.7011025461537
JU3144	GZ_B10_G9_ECA3097	2022	TRUE	ALT	JU3144_edits	C41D11.1c.1	1.92697649501533
JU3144	GZ_B10_H9	2022	FALSE	REF	JU3144	C41D11.1c.1	0.745151068333237
JU3144	GZ_B2_F6	2017	FALSE	REF	JU3144	C41D11.1c.1	2.82592111204225
JU3144	GZ_B5_A2	2017	FALSE	REF	JU3144	C41D11.1c.1	1.14974231458672
JU642	GZ_B10_A9	2022	FALSE	ALT	JU642	C41D11.1c.1	9.93830480612391
JU642	GZ_B10_C1_ECA3101	2022	TRUE	REF	JU642_edits	C41D11.1c.1	9.99215578521351
JU642	GZ_B10_C2_ECA3102	2022	TRUE	REF	JU642_edits	C41D11.1c.1	10.0227592067795
JU642	GZ_B10_C3	2022	FALSE	ALT	JU642	C41D11.1c.1	5.6919984232459
JU642	GZ_B10_D4_ECA3101	2022	TRUE	REF	JU642_edits	C41D11.1c.1	9.54512536590141
JU642	GZ_B10_D5_ECA3102	2022	TRUE	REF	JU642_edits	C41D11.1c.1	8.25912019045246
JU642	GZ_B10_E8_ECA3102	2022	TRUE	REF	JU642_edits	C41D11.1c.1	6.69629907954321
JU642	GZ_B10_E9	2022	FALSE	ALT	JU642	C41D11.1c.1	10.0679198962545
JU642	GZ_B10_G1_ECA3101	2022	TRUE	REF	JU642_edits	C41D11.1c.1	10.1766057804932
JU642	GZ_B10_G2_ECA3102	2022	TRUE	REF	JU642_edits	C41D11.1c.1	9.64500837209464
JU642	GZ_B10_G3	2022	FALSE	ALT	JU642	C41D11.1c.1	8.42381948975405
JU642	GZ_B10_H4_ECA3101	2022	TRUE	REF	JU642_edits	C41D11.1c.1	10.3702659430031
JU642	GZ_B10_H5_ECA3102	2022	TRUE	REF	JU642_edits	C41D11.1c.1	7.56317697047267
JU642	GZ_B10_H6	2022	FALSE	ALT	JU642	C41D11.1c.1	8.29580999043086
JU642	GZ_B7_A6	2017	FALSE	ALT	JU642	C41D11.1c.1	13.8609619162113
JU642	GZ_B7_D2	2017	FALSE	ALT	JU642	C41D11.1c.1	10.0542559604358
JU642	GZr_B5_I2	2017	FALSE	ALT	JU642	C41D11.1c.1	12.8484111343902
JU2106	GZ_B10_A1_ECA3095	2022	TRUE	REF	JU2106_edits	C41D11.1d.1	2.49509024173527
JU2106	GZ_B10_A4_ECA3098	2022	TRUE	REF	JU2106_edits	C41D11.1d.1	3.932573986438
JU2106	GZ_B10_B4_ECA3095	2022	TRUE	REF	JU2106_edits	C41D11.1d.1	4.23744637063818
JU2106	GZ_B10_B7_ECA3098	2022	TRUE	REF	JU2106_edits	C41D11.1d.1	2.81118256618823
JU2106	GZ_B10_C7_ECA3095	2022	TRUE	REF	JU2106_edits	C41D11.1d.1	1.63557020945185
JU2106	GZ_B10_D1_ECA3098	2022	TRUE	REF	JU2106_edits	C41D11.1d.1	3.38678732402257
JU2106	GZ_B10_D7	2022	FALSE	ALT	JU2106	C41D11.1d.1	3.55822273349606
JU2106	GZ_B10_E1_ECA3095	2022	TRUE	REF	JU2106_edits	C41D11.1d.1	6.29657612738434
JU2106	GZ_B10_E4_ECA3098	2022	TRUE	REF	JU2106_edits	C41D11.1d.1	3.0057082466287
JU2106	GZ_B10_F1	2022	FALSE	ALT	JU2106	C41D11.1d.1	3.58006185847662
JU2106	GZ_B10_F4_ECA3095	2022	TRUE	REF	JU2106_edits	C41D11.1d.1	2.62026257024177
JU2106	GZ_B10_F7_ECA3098	2022	TRUE	REF	JU2106_edits	C41D11.1d.1	3.05741372612712
JU2106	GZ_B10_G4	2022	FALSE	ALT	JU2106	C41D11.1d.1	2.76104057668677
JU2106	GZ_B10_H1_ECA3098	2022	TRUE	REF	JU2106_edits	C41D11.1d.1	2.86127211126047
JU2106	GZ_B10_H7	2022	FALSE	ALT	JU2106	C41D11.1d.1	3.85874611038798
JU2106	GZ_B3_D9	2017	FALSE	ALT	JU2106	C41D11.1d.1	2.85410639584023
JU2106	GZ_B5_B8	2017	FALSE	ALT	JU2106	C41D11.1d.1	2.87875906402833
JU2106	GZr_B3_B5	2017	FALSE	ALT	JU2106	C41D11.1d.1	3.44377456079756
JU2141	GZ_B10_A6_ECA3100	2022	TRUE	ALT	JU2141_edits	C41D11.1d.1	3.66792887596286
JU2141	GZ_B10_B8_ECA3099	2022	TRUE	ALT	JU2141_edits	C41D11.1d.1	5.45773817327098
JU2141	GZ_B10_B9_ECA3100	2022	TRUE	ALT	JU2141_edits	C41D11.1d.1	4.92727477680689
JU2141	GZ_B10_C5	2022	FALSE	REF	JU2141	C41D11.1d.1	6.23210810516969
JU2141	GZ_B10_D2_ECA3099	2022	TRUE	ALT	JU2141_edits	C41D11.1d.1	4.03675508450715
JU2141	GZ_B10_D8	2022	FALSE	REF	JU2141	C41D11.1d.1	2.6686854458898
JU2141	GZ_B10_E5_ECA3099	2022	TRUE	ALT	JU2141_edits	C41D11.1d.1	4.61024983077812
JU2141	GZ_B10_E6_ECA3100	2022	TRUE	ALT	JU2141_edits	C41D11.1d.1	3.14703970389257
JU2141	GZ_B10_G5	2022	FALSE	REF	JU2141	C41D11.1d.1	5.02487511873453
JU2141	GZ_B10_H2_ECA3099	2022	TRUE	ALT	JU2141_edits	C41D11.1d.1	3.52294265008513
JU2141	GZ_B10_H3_ECA3100	2022	TRUE	ALT	JU2141_edits	C41D11.1d.1	3.23870916893926
JU2141	GZ_B10_H8	2022	FALSE	REF	JU2141	C41D11.1d.1	3.50929390888739
JU2141	GZ_B2_A7	2017	FALSE	REF	JU2141	C41D11.1d.1	3.92951067349803
JU2141	GZ_B4_I1	2017	FALSE	REF	JU2141	C41D11.1d.1	3.51149528911159
JU2141	GZr_B2_D8	2017	FALSE	REF	JU2141	C41D11.1d.1	4.90533850862005
JU3144	GZ_B10_A2_ECA3096	2022	TRUE	ALT	JU3144_edits	C41D11.1d.1	5.42046615921924
JU3144	GZ_B10_A3_ECA3097	2022	TRUE	ALT	JU3144_edits	C41D11.1d.1	6.44899372223617
JU3144	GZ_B10_B5_ECA3096	2022	TRUE	ALT	JU3144_edits	C41D11.1d.1	4.74253352465575
JU3144	GZ_B10_C6	2022	FALSE	REF	JU3144	C41D11.1d.1	4.95158953264008
JU3144	GZ_B10_C8_ECA3096	2022	TRUE	ALT	JU3144_edits	C41D11.1d.1	3.00349570523216
JU3144	GZ_B10_C9_ECA3097	2022	TRUE	ALT	JU3144_edits	C41D11.1d.1	3.84767279925709
JU3144	GZ_B10_D9	2022	FALSE	REF	JU3144	C41D11.1d.1	3.03264662218546
JU3144	GZ_B10_F3	2022	FALSE	REF	JU3144	C41D11.1d.1	3.22631748597788
JU3144	GZ_B10_F6_ECA3097	2022	TRUE	ALT	JU3144_edits	C41D11.1d.1	3.94661488664804
JU3144	GZ_B10_G6	2022	FALSE	REF	JU3144	C41D11.1d.1	5.3416645178758
JU3144	GZ_B10_G8_ECA3096	2022	TRUE	ALT	JU3144_edits	C41D11.1d.1	4.48427257825145
JU3144	GZ_B10_G9_ECA3097	2022	TRUE	ALT	JU3144_edits	C41D11.1d.1	4.25568837641229
JU3144	GZ_B10_H9	2022	FALSE	REF	JU3144	C41D11.1d.1	4.34536814698174
JU3144	GZ_B2_F6	2017	FALSE	REF	JU3144	C41D11.1d.1	3.95638753627766
JU3144	GZ_B5_A2	2017	FALSE	REF	JU3144	C41D11.1d.1	3.48369385778433
JU642	GZ_B10_A9	2022	FALSE	ALT	JU642	C41D11.1d.1	3.70332206718762
JU642	GZ_B10_C1_ECA3101	2022	TRUE	REF	JU642_edits	C41D11.1d.1	3.86965486839701
JU642	GZ_B10_C2_ECA3102	2022	TRUE	REF	JU642_edits	C41D11.1d.1	4.45656850699329
JU642	GZ_B10_C3	2022	FALSE	ALT	JU642	C41D11.1d.1	3.43949344968264
JU642	GZ_B10_D4_ECA3101	2022	TRUE	REF	JU642_edits	C41D11.1d.1	5.82184380327316
JU642	GZ_B10_D5_ECA3102	2022	TRUE	REF	JU642_edits	C41D11.1d.1	5.13283523707189
JU642	GZ_B10_E8_ECA3102	2022	TRUE	REF	JU642_edits	C41D11.1d.1	3.49045335719942
JU642	GZ_B10_E9	2022	FALSE	ALT	JU642	C41D11.1d.1	2.82737743857348
JU642	GZ_B10_G1_ECA3101	2022	TRUE	REF	JU642_edits	C41D11.1d.1	4.31840473176879
JU642	GZ_B10_G2_ECA3102	2022	TRUE	REF	JU642_edits	C41D11.1d.1	2.76695282305805
JU642	GZ_B10_G3	2022	FALSE	ALT	JU642	C41D11.1d.1	2.14738672405956
JU642	GZ_B10_H4_ECA3101	2022	TRUE	REF	JU642_edits	C41D11.1d.1	3.30587312691443
JU642	GZ_B10_H5_ECA3102	2022	TRUE	REF	JU642_edits	C41D11.1d.1	3.23816512969613
JU642	GZ_B10_H6	2022	FALSE	ALT	JU642	C41D11.1d.1	4.48829328973806
JU642	GZ_B7_A6	2017	FALSE	ALT	JU642	C41D11.1d.1	4.00912170150591
JU642	GZ_B7_D2	2017	FALSE	ALT	JU642	C41D11.1d.1	5.15456534841254
JU642	GZr_B5_I2	2017	FALSE	ALT	JU642	C41D11.1d.1	1.84250688262277
JU2106	GZ_B10_A1_ECA3095	2022	TRUE	REF	JU2106_edits	C41D11.1e.1	0.0615198867171243
JU2106	GZ_B10_A4_ECA3098	2022	TRUE	REF	JU2106_edits	C41D11.1e.1	0.10163479212593
JU2106	GZ_B10_B4_ECA3095	2022	TRUE	REF	JU2106_edits	C41D11.1e.1	0.067855128803981
JU2106	GZ_B10_B7_ECA3098	2022	TRUE	REF	JU2106_edits	C41D11.1e.1	0.0597972492124867
JU2106	GZ_B10_C7_ECA3095	2022	TRUE	REF	JU2106_edits	C41D11.1e.1	0.0247314553800751
JU2106	GZ_B10_D1_ECA3098	2022	TRUE	REF	JU2106_edits	C41D11.1e.1	0.0923076078790774
JU2106	GZ_B10_D7	2022	FALSE	ALT	JU2106	C41D11.1e.1	0.0674440697861029
JU2106	GZ_B10_E1_ECA3095	2022	TRUE	REF	JU2106_edits	C41D11.1e.1	0.0511567642918902
JU2106	GZ_B10_E4_ECA3098	2022	TRUE	REF	JU2106_edits	C41D11.1e.1	0
JU2106	GZ_B10_F1	2022	FALSE	ALT	JU2106	C41D11.1e.1	0.0405273228330503
JU2106	GZ_B10_F4_ECA3095	2022	TRUE	REF	JU2106_edits	C41D11.1e.1	0.0719372832190552
JU2106	GZ_B10_F7_ECA3098	2022	TRUE	REF	JU2106_edits	C41D11.1e.1	0.0400049689640863
JU2106	GZ_B10_G4	2022	FALSE	ALT	JU2106	C41D11.1e.1	0.0638014147209804
JU2106	GZ_B10_H1_ECA3098	2022	TRUE	REF	JU2106_edits	C41D11.1e.1	0.0991216973026107
JU2106	GZ_B10_H7	2022	FALSE	ALT	JU2106	C41D11.1e.1	0.0676169407191039
JU2106	GZ_B3_D9	2017	FALSE	ALT	JU2106	C41D11.1e.1	0.108143590708739
JU2106	GZ_B5_B8	2017	FALSE	ALT	JU2106	C41D11.1e.1	0.024429485298446
JU2106	GZr_B3_B5	2017	FALSE	ALT	JU2106	C41D11.1e.1	0.0294423815379601
JU2141	GZ_B10_A6_ECA3100	2022	TRUE	ALT	JU2141_edits	C41D11.1e.1	0.527329253315421
JU2141	GZ_B10_B8_ECA3099	2022	TRUE	ALT	JU2141_edits	C41D11.1e.1	0.599787968794846
JU2141	GZ_B10_B9_ECA3100	2022	TRUE	ALT	JU2141_edits	C41D11.1e.1	0.594662381891024
JU2141	GZ_B10_C5	2022	FALSE	REF	JU2141	C41D11.1e.1	0.481387222998183
JU2141	GZ_B10_D2_ECA3099	2022	TRUE	ALT	JU2141_edits	C41D11.1e.1	0.827553262176952
JU2141	GZ_B10_D8	2022	FALSE	REF	JU2141	C41D11.1e.1	0.791188711801985
JU2141	GZ_B10_E5_ECA3099	2022	TRUE	ALT	JU2141_edits	C41D11.1e.1	0.948396321213581
JU2141	GZ_B10_E6_ECA3100	2022	TRUE	ALT	JU2141_edits	C41D11.1e.1	0.727715633621515
JU2141	GZ_B10_G5	2022	FALSE	REF	JU2141	C41D11.1e.1	0.619268277221233
JU2141	GZ_B10_H2_ECA3099	2022	TRUE	ALT	JU2141_edits	C41D11.1e.1	1.04817169330074
JU2141	GZ_B10_H3_ECA3100	2022	TRUE	ALT	JU2141_edits	C41D11.1e.1	0.818707773080413
JU2141	GZ_B10_H8	2022	FALSE	REF	JU2141	C41D11.1e.1	0.800611767608329
JU2141	GZ_B2_A7	2017	FALSE	REF	JU2141	C41D11.1e.1	0.619301560522547
JU2141	GZ_B4_I1	2017	FALSE	REF	JU2141	C41D11.1e.1	0.645813855044808
JU2141	GZr_B2_D8	2017	FALSE	REF	JU2141	C41D11.1e.1	0.572227430918228
JU3144	GZ_B10_A2_ECA3096	2022	TRUE	ALT	JU3144_edits	C41D11.1e.1	0.870544332888141
JU3144	GZ_B10_A3_ECA3097	2022	TRUE	ALT	JU3144_edits	C41D11.1e.1	0.459602189818458
JU3144	GZ_B10_B5_ECA3096	2022	TRUE	ALT	JU3144_edits	C41D11.1e.1	0.733719174112321
JU3144	GZ_B10_C6	2022	FALSE	REF	JU3144	C41D11.1e.1	0.679826708062477
JU3144	GZ_B10_C8_ECA3096	2022	TRUE	ALT	JU3144_edits	C41D11.1e.1	0.619511192030499
JU3144	GZ_B10_C9_ECA3097	2022	TRUE	ALT	JU3144_edits	C41D11.1e.1	0.684147254248338
JU3144	GZ_B10_D9	2022	FALSE	REF	JU3144	C41D11.1e.1	0.660980321590805
JU3144	GZ_B10_F3	2022	FALSE	REF	JU3144	C41D11.1e.1	0.78129580567304
JU3144	GZ_B10_F6_ECA3097	2022	TRUE	ALT	JU3144_edits	C41D11.1e.1	0.678964663201689
JU3144	GZ_B10_G6	2022	FALSE	REF	JU3144	C41D11.1e.1	0.814012372506479
JU3144	GZ_B10_G8_ECA3096	2022	TRUE	ALT	JU3144_edits	C41D11.1e.1	0.836721650144375
JU3144	GZ_B10_G9_ECA3097	2022	TRUE	ALT	JU3144_edits	C41D11.1e.1	0.783608726388992
JU3144	GZ_B10_H9	2022	FALSE	REF	JU3144	C41D11.1e.1	1.10394846621541
JU3144	GZ_B2_F6	2017	FALSE	REF	JU3144	C41D11.1e.1	0.890561442225031
JU3144	GZ_B5_A2	2017	FALSE	REF	JU3144	C41D11.1e.1	0.827152077945924
JU642	GZ_B10_A9	2022	FALSE	ALT	JU642	C41D11.1e.1	0.161247261426499
JU642	GZ_B10_C1_ECA3101	2022	TRUE	REF	JU642_edits	C41D11.1e.1	0.0686200604065995
JU642	GZ_B10_C2_ECA3102	2022	TRUE	REF	JU642_edits	C41D11.1e.1	0.103584832482211
JU642	GZ_B10_C3	2022	FALSE	ALT	JU642	C41D11.1e.1	0
JU642	GZ_B10_D4_ECA3101	2022	TRUE	REF	JU642_edits	C41D11.1e.1	0.0427671976450389
JU642	GZ_B10_D5_ECA3102	2022	TRUE	REF	JU642_edits	C41D11.1e.1	0.12109733266649
JU642	GZ_B10_E8_ECA3102	2022	TRUE	REF	JU642_edits	C41D11.1e.1	0.111462145222737
JU642	GZ_B10_E9	2022	FALSE	ALT	JU642	C41D11.1e.1	0.0263763874734082
JU642	GZ_B10_G1_ECA3101	2022	TRUE	REF	JU642_edits	C41D11.1e.1	0.0669415736105377
JU642	GZ_B10_G2_ECA3102	2022	TRUE	REF	JU642_edits	C41D11.1e.1	0.031327596883396
JU642	GZ_B10_G3	2022	FALSE	ALT	JU642	C41D11.1e.1	0.0270787903791173
JU642	GZ_B10_H4_ECA3101	2022	TRUE	REF	JU642_edits	C41D11.1e.1	0.0892049474281437
JU642	GZ_B10_H5_ECA3102	2022	TRUE	REF	JU642_edits	C41D11.1e.1	0.0528893167601044
JU642	GZ_B10_H6	2022	FALSE	ALT	JU642	C41D11.1e.1	0.074972867315872
JU642	GZ_B7_A6	2017	FALSE	ALT	JU642	C41D11.1e.1	0.0272107021959788
JU642	GZ_B7_D2	2017	FALSE	ALT	JU642	C41D11.1e.1	0.161375454273901
JU642	GZr_B5_I2	2017	FALSE	ALT	JU642	C41D11.1e.1	0.133064397771585
JU2106	GZ_B10_A1_ECA3095	2022	TRUE	REF	JU2106_edits	C41D11.1f.1	0.106250210282063
JU2106	GZ_B10_A4_ECA3098	2022	TRUE	REF	JU2106_edits	C41D11.1f.1	0.13799987832733
JU2106	GZ_B10_B4_ECA3095	2022	TRUE	REF	JU2106_edits	C41D11.1f.1	0.0707148209439847
JU2106	GZ_B10_B7_ECA3098	2022	TRUE	REF	JU2106_edits	C41D11.1f.1	0.0811070216723596
JU2106	GZ_B10_C7_ECA3095	2022	TRUE	REF	JU2106_edits	C41D11.1f.1	0.134395339765731
JU2106	GZ_B10_D1_ECA3098	2022	TRUE	REF	JU2106_edits	C41D11.1f.1	0.107286487271784
JU2106	GZ_B10_D7	2022	FALSE	ALT	JU2106	C41D11.1f.1	0.0233568171869546
JU2106	GZ_B10_E1_ECA3095	2022	TRUE	REF	JU2106_edits	C41D11.1f.1	0.0734792422020685
JU2106	GZ_B10_E4_ECA3098	2022	TRUE	REF	JU2106_edits	C41D11.1f.1	0.0791425216914052
JU2106	GZ_B10_F1	2022	FALSE	ALT	JU2106	C41D11.1f.1	0.0549777157107386
JU2106	GZ_B10_F4_ECA3095	2022	TRUE	REF	JU2106_edits	C41D11.1f.1	0.12984305448644
JU2106	GZ_B10_F7_ECA3098	2022	TRUE	REF	JU2106_edits	C41D11.1f.1	0.055405145397762
JU2106	GZ_B10_G4	2022	FALSE	ALT	JU2106	C41D11.1f.1	0.25996698563939
JU2106	GZ_B10_H1_ECA3098	2022	TRUE	REF	JU2106_edits	C41D11.1f.1	0.1160602711117
JU2106	GZ_B10_H7	2022	FALSE	ALT	JU2106	C41D11.1f.1	0.0467965244214001
JU2106	GZ_B3_D9	2017	FALSE	ALT	JU2106	C41D11.1f.1	0.115024124003226
JU2106	GZ_B5_B8	2017	FALSE	ALT	JU2106	C41D11.1f.1	0.198825034044743
JU2106	GZr_B3_B5	2017	FALSE	ALT	JU2106	C41D11.1f.1	0.0803798765714543
JU2141	GZ_B10_A6_ECA3100	2022	TRUE	ALT	JU2141_edits	C41D11.1f.1	3.07645753161361
JU2141	GZ_B10_B8_ECA3099	2022	TRUE	ALT	JU2141_edits	C41D11.1f.1	2.41332010391348
JU2141	GZ_B10_B9_ECA3100	2022	TRUE	ALT	JU2141_edits	C41D11.1f.1	2.27947237980163
JU2141	GZ_B10_C5	2022	FALSE	REF	JU2141	C41D11.1f.1	2.81305550780117
JU2141	GZ_B10_D2_ECA3099	2022	TRUE	ALT	JU2141_edits	C41D11.1f.1	2.36782883834548
JU2141	GZ_B10_D8	2022	FALSE	REF	JU2141	C41D11.1f.1	2.85247854926234
JU2141	GZ_B10_E5_ECA3099	2022	TRUE	ALT	JU2141_edits	C41D11.1f.1	2.23437390893334
JU2141	GZ_B10_E6_ECA3100	2022	TRUE	ALT	JU2141_edits	C41D11.1f.1	2.26427975437107
JU2141	GZ_B10_G5	2022	FALSE	REF	JU2141	C41D11.1f.1	2.07110447414518
JU2141	GZ_B10_H2_ECA3099	2022	TRUE	ALT	JU2141_edits	C41D11.1f.1	3.00642428838301
JU2141	GZ_B10_H3_ECA3100	2022	TRUE	ALT	JU2141_edits	C41D11.1f.1	2.00168165056448
JU2141	GZ_B10_H8	2022	FALSE	REF	JU2141	C41D11.1f.1	2.4582831181452
JU2141	GZ_B2_A7	2017	FALSE	REF	JU2141	C41D11.1f.1	1.8522546916849
JU2141	GZ_B4_I1	2017	FALSE	REF	JU2141	C41D11.1f.1	1.79700209461193
JU2141	GZr_B2_D8	2017	FALSE	REF	JU2141	C41D11.1f.1	1.95002443263822
JU3144	GZ_B10_A2_ECA3096	2022	TRUE	ALT	JU3144_edits	C41D11.1f.1	1.79233135428726
JU3144	GZ_B10_A3_ECA3097	2022	TRUE	ALT	JU3144_edits	C41D11.1f.1	1.82598326794276
JU3144	GZ_B10_B5_ECA3096	2022	TRUE	ALT	JU3144_edits	C41D11.1f.1	2.30821236758228
JU3144	GZ_B10_C6	2022	FALSE	REF	JU3144	C41D11.1f.1	2.35318030796614
JU3144	GZ_B10_C8_ECA3096	2022	TRUE	ALT	JU3144_edits	C41D11.1f.1	2.56842635954764
JU3144	GZ_B10_C9_ECA3097	2022	TRUE	ALT	JU3144_edits	C41D11.1f.1	2.19318389616343
JU3144	GZ_B10_D9	2022	FALSE	REF	JU3144	C41D11.1f.1	2.65640700032764
JU3144	GZ_B10_F3	2022	FALSE	REF	JU3144	C41D11.1f.1	1.71512866510028
JU3144	GZ_B10_F6_ECA3097	2022	TRUE	ALT	JU3144_edits	C41D11.1f.1	2.67854705258627
JU3144	GZ_B10_G6	2022	FALSE	REF	JU3144	C41D11.1f.1	2.22541880062783
JU3144	GZ_B10_G8_ECA3096	2022	TRUE	ALT	JU3144_edits	C41D11.1f.1	2.43874689540563
JU3144	GZ_B10_G9_ECA3097	2022	TRUE	ALT	JU3144_edits	C41D11.1f.1	2.21665666059621
JU3144	GZ_B10_H9	2022	FALSE	REF	JU3144	C41D11.1f.1	2.91476633571349
JU3144	GZ_B2_F6	2017	FALSE	REF	JU3144	C41D11.1f.1	2.06731426687663
JU3144	GZ_B5_A2	2017	FALSE	REF	JU3144	C41D11.1f.1	1.6124685106877
JU642	GZ_B10_A9	2022	FALSE	ALT	JU642	C41D11.1f.1	0.268533215670524
JU642	GZ_B10_C1_ECA3101	2022	TRUE	REF	JU642_edits	C41D11.1f.1	0.163140098727017
JU642	GZ_B10_C2_ECA3102	2022	TRUE	REF	JU642_edits	C41D11.1f.1	0.123290291458883
JU642	GZ_B10_C3	2022	FALSE	ALT	JU642	C41D11.1f.1	0.396068456060618
JU642	GZ_B10_D4_ECA3101	2022	TRUE	REF	JU642_edits	C41D11.1f.1	0
JU642	GZ_B10_D5_ECA3102	2022	TRUE	REF	JU642_edits	C41D11.1f.1	0.164967337079802
JU642	GZ_B10_E8_ECA3102	2022	TRUE	REF	JU642_edits	C41D11.1f.1	0.24322943019895
JU642	GZ_B10_E9	2022	FALSE	ALT	JU642	C41D11.1f.1	0.035896241178146
JU642	GZ_B10_G1_ECA3101	2022	TRUE	REF	JU642_edits	C41D11.1f.1	0.0620347807758648
JU642	GZ_B10_G2_ECA3102	2022	TRUE	REF	JU642_edits	C41D11.1f.1	0.0213510130173651
JU642	GZ_B10_G3	2022	FALSE	ALT	JU642	C41D11.1f.1	0.133194044425831
JU642	GZ_B10_H4_ECA3101	2022	TRUE	REF	JU642_edits	C41D11.1f.1	0.0856009365938116
JU642	GZ_B10_H5_ECA3102	2022	TRUE	REF	JU642_edits	C41D11.1f.1	0.0715778270218604
JU642	GZ_B10_H6	2022	FALSE	ALT	JU642	C41D11.1f.1	0.108903139357542
JU642	GZ_B7_A6	2017	FALSE	ALT	JU642	C41D11.1f.1	0.148584353049945
JU642	GZ_B7_D2	2017	FALSE	ALT	JU642	C41D11.1f.1	0.183429092767928
JU642	GZr_B5_I2	2017	FALSE	ALT	JU642	C41D11.1f.1	0.0602472980628366
JU2106	GZ_B10_A1_ECA3095	2022	TRUE	REF	JU2106_edits	C41D11.6.1	0.0786944710772741
JU2106	GZ_B10_A4_ECA3098	2022	TRUE	REF	JU2106_edits	C41D11.6.1	0.237531016407709
JU2106	GZ_B10_B4_ECA3095	2022	TRUE	REF	JU2106_edits	C41D11.6.1	0.237365266810661
JU2106	GZ_B10_B7_ECA3098	2022	TRUE	REF	JU2106_edits	C41D11.6.1	0.0898216337369818
JU2106	GZ_B10_C7_ECA3095	2022	TRUE	REF	JU2106_edits	C41D11.6.1	0.399646243789698
JU2106	GZ_B10_D1_ECA3098	2022	TRUE	REF	JU2106_edits	C41D11.6.1	0.181378257369991
JU2106	GZ_B10_D7	2022	FALSE	ALT	JU2106	C41D11.6.1	0.471180943059241
JU2106	GZ_B10_E1_ECA3095	2022	TRUE	REF	JU2106_edits	C41D11.6.1	0.219519423740016
JU2106	GZ_B10_E4_ECA3098	2022	TRUE	REF	JU2106_edits	C41D11.6.1	0.244160281529127
JU2106	GZ_B10_F1	2022	FALSE	ALT	JU2106	C41D11.6.1	0.239167494220548
JU2106	GZ_B10_F4_ECA3095	2022	TRUE	REF	JU2106_edits	C41D11.6.1	0.233287706343264
JU2106	GZ_B10_F7_ECA3098	2022	TRUE	REF	JU2106_edits	C41D11.6.1	0.262947203104305
JU2106	GZ_B10_G4	2022	FALSE	ALT	JU2106	C41D11.6.1	0.432727184873377
JU2106	GZ_B10_H1_ECA3098	2022	TRUE	REF	JU2106_edits	C41D11.6.1	0.187180531580043
JU2106	GZ_B10_H7	2022	FALSE	ALT	JU2106	C41D11.6.1	0.346793268060893
JU2106	GZ_B3_D9	2017	FALSE	ALT	JU2106	C41D11.6.1	0.361401139961169
JU2106	GZ_B5_B8	2017	FALSE	ALT	JU2106	C41D11.6.1	0.106847643269497
JU2106	GZr_B3_B5	2017	FALSE	ALT	JU2106	C41D11.6.1	0.129769767805341
JU2141	GZ_B10_A6_ECA3100	2022	TRUE	ALT	JU2141_edits	C41D11.6.1	1.06800826928341
JU2141	GZ_B10_B8_ECA3099	2022	TRUE	ALT	JU2141_edits	C41D11.6.1	1.0033644097109
JU2141	GZ_B10_B9_ECA3100	2022	TRUE	ALT	JU2141_edits	C41D11.6.1	0.658290858785946
JU2141	GZ_B10_C5	2022	FALSE	REF	JU2141	C41D11.6.1	0.516856054388144
JU2141	GZ_B10_D2_ECA3099	2022	TRUE	ALT	JU2141_edits	C41D11.6.1	0.942024154675609
JU2141	GZ_B10_D8	2022	FALSE	REF	JU2141	C41D11.6.1	1.24373751857834
JU2141	GZ_B10_E5_ECA3099	2022	TRUE	ALT	JU2141_edits	C41D11.6.1	0.962601510124586
JU2141	GZ_B10_E6_ECA3100	2022	TRUE	ALT	JU2141_edits	C41D11.6.1	0.839853936559717
JU2141	GZ_B10_G5	2022	FALSE	REF	JU2141	C41D11.6.1	0.769191626720631
JU2141	GZ_B10_H2_ECA3099	2022	TRUE	ALT	JU2141_edits	C41D11.6.1	1.1355920105072
JU2141	GZ_B10_H3_ECA3100	2022	TRUE	ALT	JU2141_edits	C41D11.6.1	0.959241514585907
JU2141	GZ_B10_H8	2022	FALSE	REF	JU2141	C41D11.6.1	0.746777485728623
JU2141	GZ_B2_A7	2017	FALSE	REF	JU2141	C41D11.6.1	0.770051597020171
JU2141	GZ_B4_I1	2017	FALSE	REF	JU2141	C41D11.6.1	1.02679545942183
JU2141	GZr_B2_D8	2017	FALSE	REF	JU2141	C41D11.6.1	0.729412651739455
JU3144	GZ_B10_A2_ECA3096	2022	TRUE	ALT	JU3144_edits	C41D11.6.1	0.8628965009655
JU3144	GZ_B10_A3_ECA3097	2022	TRUE	ALT	JU3144_edits	C41D11.6.1	0.460174262596016
JU3144	GZ_B10_B5_ECA3096	2022	TRUE	ALT	JU3144_edits	C41D11.6.1	0.768208010998287
JU3144	GZ_B10_C6	2022	FALSE	REF	JU3144	C41D11.6.1	0.844704827637004
JU3144	GZ_B10_C8_ECA3096	2022	TRUE	ALT	JU3144_edits	C41D11.6.1	1.1782729212754
JU3144	GZ_B10_C9_ECA3097	2022	TRUE	ALT	JU3144_edits	C41D11.6.1	0.966876115788936
JU3144	GZ_B10_D9	2022	FALSE	REF	JU3144	C41D11.6.1	0.978173408491966
JU3144	GZ_B10_F3	2022	FALSE	REF	JU3144	C41D11.6.1	0.724593804650888
JU3144	GZ_B10_F6_ECA3097	2022	TRUE	ALT	JU3144_edits	C41D11.6.1	1.02828811376083
JU3144	GZ_B10_G6	2022	FALSE	REF	JU3144	C41D11.6.1	0.827223092290253
JU3144	GZ_B10_G8_ECA3096	2022	TRUE	ALT	JU3144_edits	C41D11.6.1	0.949711528924982
JU3144	GZ_B10_G9_ECA3097	2022	TRUE	ALT	JU3144_edits	C41D11.6.1	0.700480035157275
JU3144	GZ_B10_H9	2022	FALSE	REF	JU3144	C41D11.6.1	0.31441821686201
JU3144	GZ_B2_F6	2017	FALSE	REF	JU3144	C41D11.6.1	1.04672929391796
JU3144	GZ_B5_A2	2017	FALSE	REF	JU3144	C41D11.6.1	1.0431333750677
JU642	GZ_B10_A9	2022	FALSE	ALT	JU642	C41D11.6.1	0.257698427549536
JU642	GZ_B10_C1_ECA3101	2022	TRUE	REF	JU642_edits	C41D11.6.1	0.208509212596803
JU642	GZ_B10_C2_ECA3102	2022	TRUE	REF	JU642_edits	C41D11.6.1	0.308868945926001
JU642	GZ_B10_C3	2022	FALSE	ALT	JU642	C41D11.6.1	0.206405731641209
JU642	GZ_B10_D4_ECA3101	2022	TRUE	REF	JU642_edits	C41D11.6.1	0.356293972753569
JU642	GZ_B10_D5_ECA3102	2022	TRUE	REF	JU642_edits	C41D11.6.1	0.29318016046774
JU642	GZ_B10_E8_ECA3102	2022	TRUE	REF	JU642_edits	C41D11.6.1	0.0667268835744088
JU642	GZ_B10_E9	2022	FALSE	ALT	JU642	C41D11.6.1	0.662635375937025
JU642	GZ_B10_G1_ECA3101	2022	TRUE	REF	JU642_edits	C41D11.6.1	0.264503562301251
JU642	GZ_B10_G2_ECA3102	2022	TRUE	REF	JU642_edits	C41D11.6.1	0.322193409904536
JU642	GZ_B10_G3	2022	FALSE	ALT	JU642	C41D11.6.1	0.220235911309044
JU642	GZ_B10_H4_ECA3101	2022	TRUE	REF	JU642_edits	C41D11.6.1	0.225210476853626
JU642	GZ_B10_H5_ECA3102	2022	TRUE	REF	JU642_edits	C41D11.6.1	0.429578588891996
JU642	GZ_B10_H6	2022	FALSE	ALT	JU642	C41D11.6.1	0.492831131831168
JU642	GZ_B7_A6	2017	FALSE	ALT	JU642	C41D11.6.1	0.160246419245565
JU642	GZ_B7_D2	2017	FALSE	ALT	JU642	C41D11.6.1	0.285737060806453
JU642	GZr_B5_I2	2017	FALSE	ALT	JU642	C41D11.6.1	0.355290404943179
JU2106	GZ_B10_A1_ECA3095	2022	TRUE	REF	JU2106_edits	C41D11.7.1	15.2035449320347
JU2106	GZ_B10_A4_ECA3098	2022	TRUE	REF	JU2106_edits	C41D11.7.1	15.9168149989494
JU2106	GZ_B10_B4_ECA3095	2022	TRUE	REF	JU2106_edits	C41D11.7.1	16.4816723302378
JU2106	GZ_B10_B7_ECA3098	2022	TRUE	REF	JU2106_edits	C41D11.7.1	12.9647904176509
JU2106	GZ_B10_C7_ECA3095	2022	TRUE	REF	JU2106_edits	C41D11.7.1	12.7556621999382
JU2106	GZ_B10_D1_ECA3098	2022	TRUE	REF	JU2106_edits	C41D11.7.1	13.5132894374591
JU2106	GZ_B10_D7	2022	FALSE	ALT	JU2106	C41D11.7.1	13.4878853627787
JU2106	GZ_B10_E1_ECA3095	2022	TRUE	REF	JU2106_edits	C41D11.7.1	18.4740317739937
JU2106	GZ_B10_E4_ECA3098	2022	TRUE	REF	JU2106_edits	C41D11.7.1	16.513395502071
JU2106	GZ_B10_F1	2022	FALSE	ALT	JU2106	C41D11.7.1	13.8182697386328
JU2106	GZ_B10_F4_ECA3095	2022	TRUE	REF	JU2106_edits	C41D11.7.1	11.3298924983803
JU2106	GZ_B10_F7_ECA3098	2022	TRUE	REF	JU2106_edits	C41D11.7.1	14.0089098106708
JU2106	GZ_B10_G4	2022	FALSE	ALT	JU2106	C41D11.7.1	14.6571751152598
JU2106	GZ_B10_H1_ECA3098	2022	TRUE	REF	JU2106_edits	C41D11.7.1	14.0060427709347
JU2106	GZ_B10_H7	2022	FALSE	ALT	JU2106	C41D11.7.1	16.2023323236611
JU2106	GZ_B3_D9	2017	FALSE	ALT	JU2106	C41D11.7.1	16.5867934481174
JU2106	GZ_B5_B8	2017	FALSE	ALT	JU2106	C41D11.7.1	17.6629863225368
JU2106	GZr_B3_B5	2017	FALSE	ALT	JU2106	C41D11.7.1	18.8699960387935
JU2141	GZ_B10_A6_ECA3100	2022	TRUE	ALT	JU2141_edits	C41D11.7.1	11.5794767386192
JU2141	GZ_B10_B8_ECA3099	2022	TRUE	ALT	JU2141_edits	C41D11.7.1	12.675212850385
JU2141	GZ_B10_B9_ECA3100	2022	TRUE	ALT	JU2141_edits	C41D11.7.1	14.46999824324
JU2141	GZ_B10_C5	2022	FALSE	REF	JU2141	C41D11.7.1	14.1993831790339
JU2141	GZ_B10_D2_ECA3099	2022	TRUE	ALT	JU2141_edits	C41D11.7.1	11.1748482484044
JU2141	GZ_B10_D8	2022	FALSE	REF	JU2141	C41D11.7.1	11.6413197302405
JU2141	GZ_B10_E5_ECA3099	2022	TRUE	ALT	JU2141_edits	C41D11.7.1	14.7512003369978
JU2141	GZ_B10_E6_ECA3100	2022	TRUE	ALT	JU2141_edits	C41D11.7.1	10.4089014331366
JU2141	GZ_B10_G5	2022	FALSE	REF	JU2141	C41D11.7.1	13.8037143240084
JU2141	GZ_B10_H2_ECA3099	2022	TRUE	ALT	JU2141_edits	C41D11.7.1	11.2520798103063
JU2141	GZ_B10_H3_ECA3100	2022	TRUE	ALT	JU2141_edits	C41D11.7.1	12.0247957878669
JU2141	GZ_B10_H8	2022	FALSE	REF	JU2141	C41D11.7.1	11.4908801129313
JU2141	GZ_B2_A7	2017	FALSE	REF	JU2141	C41D11.7.1	10.5255099730876
JU2141	GZ_B4_I1	2017	FALSE	REF	JU2141	C41D11.7.1	10.792620050102
JU2141	GZr_B2_D8	2017	FALSE	REF	JU2141	C41D11.7.1	14.2092556049449
JU3144	GZ_B10_A2_ECA3096	2022	TRUE	ALT	JU3144_edits	C41D11.7.1	14.6498091089235
JU3144	GZ_B10_A3_ECA3097	2022	TRUE	ALT	JU3144_edits	C41D11.7.1	11.7096253683428
JU3144	GZ_B10_B5_ECA3096	2022	TRUE	ALT	JU3144_edits	C41D11.7.1	14.4794840270253
JU3144	GZ_B10_C6	2022	FALSE	REF	JU3144	C41D11.7.1	17.4162915092481
JU3144	GZ_B10_C8_ECA3096	2022	TRUE	ALT	JU3144_edits	C41D11.7.1	11.0295462417502
JU3144	GZ_B10_C9_ECA3097	2022	TRUE	ALT	JU3144_edits	C41D11.7.1	11.929765742494
JU3144	GZ_B10_D9	2022	FALSE	REF	JU3144	C41D11.7.1	11.9921552003495
JU3144	GZ_B10_F3	2022	FALSE	REF	JU3144	C41D11.7.1	16.4716043529518
JU3144	GZ_B10_F6_ECA3097	2022	TRUE	ALT	JU3144_edits	C41D11.7.1	12.6833428498005
JU3144	GZ_B10_G6	2022	FALSE	REF	JU3144	C41D11.7.1	15.5808483474961
JU3144	GZ_B10_G8_ECA3096	2022	TRUE	ALT	JU3144_edits	C41D11.7.1	15.2470005942273
JU3144	GZ_B10_G9_ECA3097	2022	TRUE	ALT	JU3144_edits	C41D11.7.1	13.1518001030656
JU3144	GZ_B10_H9	2022	FALSE	REF	JU3144	C41D11.7.1	12.1549763654174
JU3144	GZ_B2_F6	2017	FALSE	REF	JU3144	C41D11.7.1	12.9391695106236
JU3144	GZ_B5_A2	2017	FALSE	REF	JU3144	C41D11.7.1	12.2859465603483
JU642	GZ_B10_A9	2022	FALSE	ALT	JU642	C41D11.7.1	14.5908999140218
JU642	GZ_B10_C1_ECA3101	2022	TRUE	REF	JU642_edits	C41D11.7.1	14.2784169863468
JU642	GZ_B10_C2_ECA3102	2022	TRUE	REF	JU642_edits	C41D11.7.1	14.0604965013911
JU642	GZ_B10_C3	2022	FALSE	ALT	JU642	C41D11.7.1	12.5720281629253
JU642	GZ_B10_D4_ECA3101	2022	TRUE	REF	JU642_edits	C41D11.7.1	15.4432548533375
JU642	GZ_B10_D5_ECA3102	2022	TRUE	REF	JU642_edits	C41D11.7.1	14.4394754249288
JU642	GZ_B10_E8_ECA3102	2022	TRUE	REF	JU642_edits	C41D11.7.1	11.9701159135127
JU642	GZ_B10_E9	2022	FALSE	ALT	JU642	C41D11.7.1	14.055178139075
JU642	GZ_B10_G1_ECA3101	2022	TRUE	REF	JU642_edits	C41D11.7.1	14.0394277683847
JU642	GZ_B10_G2_ECA3102	2022	TRUE	REF	JU642_edits	C41D11.7.1	13.8466080647502
JU642	GZ_B10_G3	2022	FALSE	ALT	JU642	C41D11.7.1	16.3728247160306
JU642	GZ_B10_H4_ECA3101	2022	TRUE	REF	JU642_edits	C41D11.7.1	13.5560635890579
JU642	GZ_B10_H5_ECA3102	2022	TRUE	REF	JU642_edits	C41D11.7.1	12.2637430398275
JU642	GZ_B10_H6	2022	FALSE	ALT	JU642	C41D11.7.1	13.6921868234878
JU642	GZ_B7_A6	2017	FALSE	ALT	JU642	C41D11.7.1	17.3634104265495
JU642	GZ_B7_D2	2017	FALSE	ALT	JU642	C41D11.7.1	17.4670970059017
JU642	GZr_B5_I2	2017	FALSE	ALT	JU642	C41D11.7.1	13.2331570832244
JU2106	GZ_B10_A1_ECA3095	2022	TRUE	REF	JU2106_edits	F56D6.16	0.31710249339765
JU2106	GZ_B10_A4_ECA3098	2022	TRUE	REF	JU2106_edits	F56D6.16	0.11891406790653
JU2106	GZ_B10_B4_ECA3095	2022	TRUE	REF	JU2106_edits	F56D6.16	0.150489407601304
JU2106	GZ_B10_B7_ECA3098	2022	TRUE	REF	JU2106_edits	F56D6.16	0.17387620964342
JU2106	GZ_B10_C7_ECA3095	2022	TRUE	REF	JU2106_edits	F56D6.16	0.217643055358123
JU2106	GZ_B10_D1_ECA3098	2022	TRUE	REF	JU2106_edits	F56D6.16	0.423235679514029
JU2106	GZ_B10_D7	2022	FALSE	ALT	JU2106	F56D6.16	0.30059860679978
JU2106	GZ_B10_E1_ECA3095	2022	TRUE	REF	JU2106_edits	F56D6.16	0.450100475535696
JU2106	GZ_B10_E4_ECA3098	2022	TRUE	REF	JU2106_edits	F56D6.16	0
JU2106	GZ_B10_F1	2022	FALSE	ALT	JU2106	F56D6.16	0.117999599765308
JU2106	GZ_B10_F4_ECA3095	2022	TRUE	REF	JU2106_edits	F56D6.16	0.344925552656363
JU2106	GZ_B10_F7_ECA3098	2022	TRUE	REF	JU2106_edits	F56D6.16	0.115557391256304
JU2106	GZ_B10_G4	2022	FALSE	ALT	JU2106	F56D6.16	0
JU2106	GZ_B10_H1_ECA3098	2022	TRUE	REF	JU2106_edits	F56D6.16	1.00644365673342
JU2106	GZ_B10_H7	2022	FALSE	ALT	JU2106	F56D6.16	0.25255016930027
JU2106	GZ_B3_D9	2017	FALSE	ALT	JU2106	F56D6.16	0.843662952227947
JU2106	GZ_B5_B8	2017	FALSE	ALT	JU2106	F56D6.16	0.213065637324931
JU2106	GZr_B3_B5	2017	FALSE	ALT	JU2106	F56D6.16	0.0884554153997391
JU2141	GZ_B10_A6_ECA3100	2022	TRUE	ALT	JU2141_edits	F56D6.16	3.47501122945229
JU2141	GZ_B10_B8_ECA3099	2022	TRUE	ALT	JU2141_edits	F56D6.16	3.682462640428
JU2141	GZ_B10_B9_ECA3100	2022	TRUE	ALT	JU2141_edits	F56D6.16	3.96382432236093
JU2141	GZ_B10_C5	2022	FALSE	REF	JU2141	F56D6.16	6.36406537988366
JU2141	GZ_B10_D2_ECA3099	2022	TRUE	ALT	JU2141_edits	F56D6.16	2.62995280775237
JU2141	GZ_B10_D8	2022	FALSE	REF	JU2141	F56D6.16	3.16891098979179
JU2141	GZ_B10_E5_ECA3099	2022	TRUE	ALT	JU2141_edits	F56D6.16	4.83755870276938
JU2141	GZ_B10_E6_ECA3100	2022	TRUE	ALT	JU2141_edits	F56D6.16	3.09189920952324
JU2141	GZ_B10_G5	2022	FALSE	REF	JU2141	F56D6.16	4.15845857965178
JU2141	GZ_B10_H2_ECA3099	2022	TRUE	ALT	JU2141_edits	F56D6.16	3.08412307107746
JU2141	GZ_B10_H3_ECA3100	2022	TRUE	ALT	JU2141_edits	F56D6.16	2.02798146610579
JU2141	GZ_B10_H8	2022	FALSE	REF	JU2141	F56D6.16	3.07532862790926
JU2141	GZ_B2_A7	2017	FALSE	REF	JU2141	F56D6.16	6.02660391666523
JU2141	GZ_B4_I1	2017	FALSE	REF	JU2141	F56D6.16	2.32676568740172
JU2141	GZr_B2_D8	2017	FALSE	REF	JU2141	F56D6.16	3.3600122977187
JU3144	GZ_B10_A2_ECA3096	2022	TRUE	ALT	JU3144_edits	F56D6.16	13.9056035429931
JU3144	GZ_B10_A3_ECA3097	2022	TRUE	ALT	JU3144_edits	F56D6.16	22.6252848970129
JU3144	GZ_B10_B5_ECA3096	2022	TRUE	ALT	JU3144_edits	F56D6.16	7.59889844254584
JU3144	GZ_B10_C6	2022	FALSE	REF	JU3144	F56D6.16	10.0361641044063
JU3144	GZ_B10_C8_ECA3096	2022	TRUE	ALT	JU3144_edits	F56D6.16	6.7901490950851
JU3144	GZ_B10_C9_ECA3097	2022	TRUE	ALT	JU3144_edits	F56D6.16	6.70664341296043
JU3144	GZ_B10_D9	2022	FALSE	REF	JU3144	F56D6.16	10.3951308764347
JU3144	GZ_B10_F3	2022	FALSE	REF	JU3144	F56D6.16	9.94140535325893
JU3144	GZ_B10_F6_ECA3097	2022	TRUE	ALT	JU3144_edits	F56D6.16	7.60361725911628
JU3144	GZ_B10_G6	2022	FALSE	REF	JU3144	F56D6.16	10.0011050971069
JU3144	GZ_B10_G8_ECA3096	2022	TRUE	ALT	JU3144_edits	F56D6.16	6.89770361273962
JU3144	GZ_B10_G9_ECA3097	2022	TRUE	ALT	JU3144_edits	F56D6.16	11.4639733316024
JU3144	GZ_B10_H9	2022	FALSE	REF	JU3144	F56D6.16	19.7135762134061
JU3144	GZ_B2_F6	2017	FALSE	REF	JU3144	F56D6.16	8.11892873154967
JU3144	GZ_B5_A2	2017	FALSE	REF	JU3144	F56D6.16	4.65905665224571
JU642	GZ_B10_A9	2022	FALSE	ALT	JU642	F56D6.16	0.472882582618023
JU642	GZ_B10_C1_ECA3101	2022	TRUE	REF	JU642_edits	F56D6.16	0.201264895227837
JU642	GZ_B10_C2_ECA3102	2022	TRUE	REF	JU642_edits	F56D6.16	0.239947137705563
JU642	GZ_B10_C3	2022	FALSE	ALT	JU642	F56D6.16	0
JU642	GZ_B10_D4_ECA3101	2022	TRUE	REF	JU642_edits	F56D6.16	0.389086617760434
JU642	GZ_B10_D5_ECA3102	2022	TRUE	REF	JU642_edits	F56D6.16	0.324018145280736
JU642	GZ_B10_E8_ECA3102	2022	TRUE	REF	JU642_edits	F56D6.16	0.333367742189984
JU642	GZ_B10_E9	2022	FALSE	ALT	JU642	F56D6.16	0.234279543680705
JU642	GZ_B10_G1_ECA3101	2022	TRUE	REF	JU642_edits	F56D6.16	0.197895936725203
JU642	GZ_B10_G2_ECA3102	2022	TRUE	REF	JU642_edits	F56D6.16	0.374090151078439
JU642	GZ_B10_G3	2022	FALSE	ALT	JU642	F56D6.16	0.185795346078304
JU642	GZ_B10_H4_ECA3101	2022	TRUE	REF	JU642_edits	F56D6.16	0.145929135579307
JU642	GZ_B10_H5_ECA3102	2022	TRUE	REF	JU642_edits	F56D6.16	0
JU642	GZ_B10_H6	2022	FALSE	ALT	JU642	F56D6.16	0.249605933457934
JU642	GZ_B7_A6	2017	FALSE	ALT	JU642	F56D6.16	0.571783866849922
JU642	GZ_B7_D2	2017	FALSE	ALT	JU642	F56D6.16	0.180666430633394
JU642	GZr_B5_I2	2017	FALSE	ALT	JU642	F56D6.16	0.12996864555416
JU2106	GZ_B10_A1_ECA3095	2022	TRUE	REF	JU2106_edits	F56D6.17	1.50873863739579
JU2106	GZ_B10_A4_ECA3098	2022	TRUE	REF	JU2106_edits	F56D6.17	1.15280389522869
JU2106	GZ_B10_B4_ECA3095	2022	TRUE	REF	JU2106_edits	F56D6.17	1.46569263866249
JU2106	GZ_B10_B7_ECA3098	2022	TRUE	REF	JU2106_edits	F56D6.17	1.43825772963432
JU2106	GZ_B10_C7_ECA3095	2022	TRUE	REF	JU2106_edits	F56D6.17	1.10807054584496
JU2106	GZ_B10_D1_ECA3098	2022	TRUE	REF	JU2106_edits	F56D6.17	4.36923086362839
JU2106	GZ_B10_D7	2022	FALSE	ALT	JU2106	F56D6.17	2.0255406048527
JU2106	GZ_B10_E1_ECA3095	2022	TRUE	REF	JU2106_edits	F56D6.17	2.00509064549818
JU2106	GZ_B10_E4_ECA3098	2022	TRUE	REF	JU2106_edits	F56D6.17	2.15373091423635
JU2106	GZ_B10_F1	2022	FALSE	ALT	JU2106	F56D6.17	0.897319303367351
JU2106	GZ_B10_F4_ECA3095	2022	TRUE	REF	JU2106_edits	F56D6.17	1.03967950274057
JU2106	GZ_B10_F7_ECA3098	2022	TRUE	REF	JU2106_edits	F56D6.17	1.03339138138987
JU2106	GZ_B10_G4	2022	FALSE	ALT	JU2106	F56D6.17	0.258755525452009
JU2106	GZ_B10_H1_ECA3098	2022	TRUE	REF	JU2106_edits	F56D6.17	2.53624935974169
JU2106	GZ_B10_H7	2022	FALSE	ALT	JU2106	F56D6.17	1.41031480048269
JU2106	GZ_B3_D9	2017	FALSE	ALT	JU2106	F56D6.17	2.04127875912362
JU2106	GZ_B5_B8	2017	FALSE	ALT	JU2106	F56D6.17	0.978744663213243
JU2106	GZr_B3_B5	2017	FALSE	ALT	JU2106	F56D6.17	1.4858895766285
JU2141	GZ_B10_A6_ECA3100	2022	TRUE	ALT	JU2141_edits	F56D6.17	8.33199032306651
JU2141	GZ_B10_B8_ECA3099	2022	TRUE	ALT	JU2141_edits	F56D6.17	8.31747458669024
JU2141	GZ_B10_B9_ECA3100	2022	TRUE	ALT	JU2141_edits	F56D6.17	12.6434526813589
JU2141	GZ_B10_C5	2022	FALSE	REF	JU2141	F56D6.17	18.1199427955295
JU2141	GZ_B10_D2_ECA3099	2022	TRUE	ALT	JU2141_edits	F56D6.17	10.0931449324938
JU2141	GZ_B10_D8	2022	FALSE	REF	JU2141	F56D6.17	8.09955046581975
JU2141	GZ_B10_E5_ECA3099	2022	TRUE	ALT	JU2141_edits	F56D6.17	12.7937263956817
JU2141	GZ_B10_E6_ECA3100	2022	TRUE	ALT	JU2141_edits	F56D6.17	7.85044440965235
JU2141	GZ_B10_G5	2022	FALSE	REF	JU2141	F56D6.17	13.9039991546185
JU2141	GZ_B10_H2_ECA3099	2022	TRUE	ALT	JU2141_edits	F56D6.17	9.65729918037158
JU2141	GZ_B10_H3_ECA3100	2022	TRUE	ALT	JU2141_edits	F56D6.17	8.70289238447753
JU2141	GZ_B10_H8	2022	FALSE	REF	JU2141	F56D6.17	9.51057307682156
JU2141	GZ_B2_A7	2017	FALSE	REF	JU2141	F56D6.17	16.5559382175992
JU2141	GZ_B4_I1	2017	FALSE	REF	JU2141	F56D6.17	10.8791766714966
JU2141	GZr_B2_D8	2017	FALSE	REF	JU2141	F56D6.17	9.83113576085682
JU3144	GZ_B10_A2_ECA3096	2022	TRUE	ALT	JU3144_edits	F56D6.17	26.8985900939527
JU3144	GZ_B10_A3_ECA3097	2022	TRUE	ALT	JU3144_edits	F56D6.17	47.6947641950978
JU3144	GZ_B10_B5_ECA3096	2022	TRUE	ALT	JU3144_edits	F56D6.17	7.49478942622086
JU3144	GZ_B10_C6	2022	FALSE	REF	JU3144	F56D6.17	6.71919636031964
JU3144	GZ_B10_C8_ECA3096	2022	TRUE	ALT	JU3144_edits	F56D6.17	9.31132627844799
JU3144	GZ_B10_C9_ECA3097	2022	TRUE	ALT	JU3144_edits	F56D6.17	11.0768491317898
JU3144	GZ_B10_D9	2022	FALSE	REF	JU3144	F56D6.17	13.6845414894177
JU3144	GZ_B10_F3	2022	FALSE	REF	JU3144	F56D6.17	10.0974812630733
JU3144	GZ_B10_F6_ECA3097	2022	TRUE	ALT	JU3144_edits	F56D6.17	7.7249090450539
JU3144	GZ_B10_G6	2022	FALSE	REF	JU3144	F56D6.17	13.2783545393828
JU3144	GZ_B10_G8_ECA3096	2022	TRUE	ALT	JU3144_edits	F56D6.17	7.7196280500856
JU3144	GZ_B10_G9_ECA3097	2022	TRUE	ALT	JU3144_edits	F56D6.17	15.0964680195248
JU3144	GZ_B10_H9	2022	FALSE	REF	JU3144	F56D6.17	19.2347353020867
JU3144	GZ_B2_F6	2017	FALSE	REF	JU3144	F56D6.17	11.6303184643818
JU3144	GZ_B5_A2	2017	FALSE	REF	JU3144	F56D6.17	12.1025178860343
JU642	GZ_B10_A9	2022	FALSE	ALT	JU642	F56D6.17	4.76673642066563
JU642	GZ_B10_C1_ECA3101	2022	TRUE	REF	JU642_edits	F56D6.17	1.39550854353145
JU642	GZ_B10_C2_ECA3102	2022	TRUE	REF	JU642_edits	F56D6.17	2.14625833630208
JU642	GZ_B10_C3	2022	FALSE	ALT	JU642	F56D6.17	1.44455497031836
JU642	GZ_B10_D4_ECA3101	2022	TRUE	REF	JU642_edits	F56D6.17	1.81535164399552
JU642	GZ_B10_D5_ECA3102	2022	TRUE	REF	JU642_edits	F56D6.17	2.00358188240898
JU642	GZ_B10_E8_ECA3102	2022	TRUE	REF	JU642_edits	F56D6.17	4.27269399028336
JU642	GZ_B10_E9	2022	FALSE	ALT	JU642	F56D6.17	0.326378643611876
JU642	GZ_B10_G1_ECA3101	2022	TRUE	REF	JU642_edits	F56D6.17	0.825205580797006
JU642	GZ_B10_G2_ECA3102	2022	TRUE	REF	JU642_edits	F56D6.17	1.11075701411073
JU642	GZ_B10_G3	2022	FALSE	ALT	JU642	F56D6.17	1.3476629665307
JU642	GZ_B10_H4_ECA3101	2022	TRUE	REF	JU642_edits	F56D6.17	2.00445539689284
JU642	GZ_B10_H5_ECA3102	2022	TRUE	REF	JU642_edits	F56D6.17	0.837771049386804
JU642	GZ_B10_H6	2022	FALSE	ALT	JU642	F56D6.17	1.31310975759508
JU642	GZ_B7_A6	2017	FALSE	ALT	JU642	F56D6.17	2.27627962728356
JU642	GZ_B7_D2	2017	FALSE	ALT	JU642	F56D6.17	2.77346145764218
JU642	GZr_B5_I2	2017	FALSE	ALT	JU642	F56D6.17	0.900974218896659
JU2106	GZ_B10_A1_ECA3095	2022	TRUE	REF	JU2106_edits	K02E2.6.1	2.59069364695159
JU2106	GZ_B10_A4_ECA3098	2022	TRUE	REF	JU2106_edits	K02E2.6.1	2.18260763435294
JU2106	GZ_B10_B4_ECA3095	2022	TRUE	REF	JU2106_edits	K02E2.6.1	2.92295956181728
JU2106	GZ_B10_B7_ECA3098	2022	TRUE	REF	JU2106_edits	K02E2.6.1	1.22996578842487
JU2106	GZ_B10_C7_ECA3095	2022	TRUE	REF	JU2106_edits	K02E2.6.1	2.35092323843293
JU2106	GZ_B10_D1_ECA3098	2022	TRUE	REF	JU2106_edits	K02E2.6.1	3.36246839792713
JU2106	GZ_B10_D7	2022	FALSE	ALT	JU2106	K02E2.6.1	2.77525970149889
JU2106	GZ_B10_E1_ECA3095	2022	TRUE	REF	JU2106_edits	K02E2.6.1	2.99270777241582
JU2106	GZ_B10_E4_ECA3098	2022	TRUE	REF	JU2106_edits	K02E2.6.1	2.53590865367397
JU2106	GZ_B10_F1	2022	FALSE	ALT	JU2106	K02E2.6.1	1.54391956958954
JU2106	GZ_B10_F4_ECA3095	2022	TRUE	REF	JU2106_edits	K02E2.6.1	1.61830759304423
JU2106	GZ_B10_F7_ECA3098	2022	TRUE	REF	JU2106_edits	K02E2.6.1	1.808158586133
JU2106	GZ_B10_G4	2022	FALSE	ALT	JU2106	K02E2.6.1	2.37129104795233
JU2106	GZ_B10_H1_ECA3098	2022	TRUE	REF	JU2106_edits	K02E2.6.1	3.23523574629839
JU2106	GZ_B10_H7	2022	FALSE	ALT	JU2106	K02E2.6.1	2.33085761893536
JU2106	GZ_B3_D9	2017	FALSE	ALT	JU2106	K02E2.6.1	2.82599408497934
JU2106	GZ_B5_B8	2017	FALSE	ALT	JU2106	K02E2.6.1	1.85926832947407
JU2106	GZr_B3_B5	2017	FALSE	ALT	JU2106	K02E2.6.1	2.40665883297656
JU2141	GZ_B10_A6_ECA3100	2022	TRUE	ALT	JU2141_edits	K02E2.6.1	10.5997949726448
JU2141	GZ_B10_B8_ECA3099	2022	TRUE	ALT	JU2141_edits	K02E2.6.1	12.4918515777725
JU2141	GZ_B10_B9_ECA3100	2022	TRUE	ALT	JU2141_edits	K02E2.6.1	11.4333489589983
JU2141	GZ_B10_C5	2022	FALSE	REF	JU2141	K02E2.6.1	14.9256782322042
JU2141	GZ_B10_D2_ECA3099	2022	TRUE	ALT	JU2141_edits	K02E2.6.1	9.50476309384473
JU2141	GZ_B10_D8	2022	FALSE	REF	JU2141	K02E2.6.1	10.6130618014379
JU2141	GZ_B10_E5_ECA3099	2022	TRUE	ALT	JU2141_edits	K02E2.6.1	16.5931267683672
JU2141	GZ_B10_E6_ECA3100	2022	TRUE	ALT	JU2141_edits	K02E2.6.1	9.10477683093163
JU2141	GZ_B10_G5	2022	FALSE	REF	JU2141	K02E2.6.1	17.3314476375278
JU2141	GZ_B10_H2_ECA3099	2022	TRUE	ALT	JU2141_edits	K02E2.6.1	13.2081820971723
JU2141	GZ_B10_H3_ECA3100	2022	TRUE	ALT	JU2141_edits	K02E2.6.1	13.6724945702914
JU2141	GZ_B10_H8	2022	FALSE	REF	JU2141	K02E2.6.1	9.29434846554225
JU2141	GZ_B2_A7	2017	FALSE	REF	JU2141	K02E2.6.1	14.9369803517943
JU2141	GZ_B4_I1	2017	FALSE	REF	JU2141	K02E2.6.1	14.4655273059392
JU2141	GZr_B2_D8	2017	FALSE	REF	JU2141	K02E2.6.1	14.6509381124187
JU3144	GZ_B10_A2_ECA3096	2022	TRUE	ALT	JU3144_edits	K02E2.6.1	15.7056935792917
JU3144	GZ_B10_A3_ECA3097	2022	TRUE	ALT	JU3144_edits	K02E2.6.1	28.2894392289862
JU3144	GZ_B10_B5_ECA3096	2022	TRUE	ALT	JU3144_edits	K02E2.6.1	12.6441420562012
JU3144	GZ_B10_C6	2022	FALSE	REF	JU3144	K02E2.6.1	15.4762113853059
JU3144	GZ_B10_C8_ECA3096	2022	TRUE	ALT	JU3144_edits	K02E2.6.1	14.7126330420428
JU3144	GZ_B10_C9_ECA3097	2022	TRUE	ALT	JU3144_edits	K02E2.6.1	14.5661738426882
JU3144	GZ_B10_D9	2022	FALSE	REF	JU3144	K02E2.6.1	17.9768905646082
JU3144	GZ_B10_F3	2022	FALSE	REF	JU3144	K02E2.6.1	16.4148692338529
JU3144	GZ_B10_F6_ECA3097	2022	TRUE	ALT	JU3144_edits	K02E2.6.1	12.5195106740248
JU3144	GZ_B10_G6	2022	FALSE	REF	JU3144	K02E2.6.1	14.3175030417739
JU3144	GZ_B10_G8_ECA3096	2022	TRUE	ALT	JU3144_edits	K02E2.6.1	16.2810705918099
JU3144	GZ_B10_G9_ECA3097	2022	TRUE	ALT	JU3144_edits	K02E2.6.1	17.8964581065193
JU3144	GZ_B10_H9	2022	FALSE	REF	JU3144	K02E2.6.1	24.2934927313364
JU3144	GZ_B2_F6	2017	FALSE	REF	JU3144	K02E2.6.1	17.9290005277097
JU3144	GZ_B5_A2	2017	FALSE	REF	JU3144	K02E2.6.1	15.380179653876
JU642	GZ_B10_A9	2022	FALSE	ALT	JU642	K02E2.6.1	4.176283044147
JU642	GZ_B10_C1_ECA3101	2022	TRUE	REF	JU642_edits	K02E2.6.1	2.41082745175372
JU642	GZ_B10_C2_ECA3102	2022	TRUE	REF	JU642_edits	K02E2.6.1	2.22291126056687
JU642	GZ_B10_C3	2022	FALSE	ALT	JU642	K02E2.6.1	2.19179867701983
JU642	GZ_B10_D4_ECA3101	2022	TRUE	REF	JU642_edits	K02E2.6.1	2.70469907279623
JU642	GZ_B10_D5_ECA3102	2022	TRUE	REF	JU642_edits	K02E2.6.1	2.95173240707673
JU642	GZ_B10_E8_ECA3102	2022	TRUE	REF	JU642_edits	K02E2.6.1	4.8002705417381
JU642	GZ_B10_E9	2022	FALSE	ALT	JU642	K02E2.6.1	2.33697642874345
JU642	GZ_B10_G1_ECA3101	2022	TRUE	REF	JU642_edits	K02E2.6.1	2.1811105975031
JU642	GZ_B10_G2_ECA3102	2022	TRUE	REF	JU642_edits	K02E2.6.1	2.19231551064793
JU642	GZ_B10_G3	2022	FALSE	ALT	JU642	K02E2.6.1	2.36738467985971
JU642	GZ_B10_H4_ECA3101	2022	TRUE	REF	JU642_edits	K02E2.6.1	2.23089405420597
JU642	GZ_B10_H5_ECA3102	2022	TRUE	REF	JU642_edits	K02E2.6.1	1.83728221469524
JU642	GZ_B10_H6	2022	FALSE	ALT	JU642	K02E2.6.1	2.25107479624111
JU642	GZ_B7_A6	2017	FALSE	ALT	JU642	K02E2.6.1	2.50936215123596
JU642	GZ_B7_D2	2017	FALSE	ALT	JU642	K02E2.6.1	1.83237402968284
JU642	GZr_B5_I2	2017	FALSE	ALT	JU642	K02E2.6.1	2.56498598961189
JU2106	GZ_B10_A1_ECA3095	2022	TRUE	REF	JU2106_edits	W04A4.2.1	2.87038579408068
JU2106	GZ_B10_A4_ECA3098	2022	TRUE	REF	JU2106_edits	W04A4.2.1	3.28398515424534
JU2106	GZ_B10_B4_ECA3095	2022	TRUE	REF	JU2106_edits	W04A4.2.1	3.36484558779285
JU2106	GZ_B10_B7_ECA3098	2022	TRUE	REF	JU2106_edits	W04A4.2.1	3.3480087734148
JU2106	GZ_B10_C7_ECA3095	2022	TRUE	REF	JU2106_edits	W04A4.2.1	4.18911245108298
JU2106	GZ_B10_D1_ECA3098	2022	TRUE	REF	JU2106_edits	W04A4.2.1	3.67937212563414
JU2106	GZ_B10_D7	2022	FALSE	ALT	JU2106	W04A4.2.1	3.80674034771694
JU2106	GZ_B10_E1_ECA3095	2022	TRUE	REF	JU2106_edits	W04A4.2.1	5.23303329459179
JU2106	GZ_B10_E4_ECA3098	2022	TRUE	REF	JU2106_edits	W04A4.2.1	4.16626789051854
JU2106	GZ_B10_F1	2022	FALSE	ALT	JU2106	W04A4.2.1	3.75488220835347
JU2106	GZ_B10_F4_ECA3095	2022	TRUE	REF	JU2106_edits	W04A4.2.1	3.97562059098482
JU2106	GZ_B10_F7_ECA3098	2022	TRUE	REF	JU2106_edits	W04A4.2.1	3.29919711657791
JU2106	GZ_B10_G4	2022	FALSE	ALT	JU2106	W04A4.2.1	4.17259422586862
JU2106	GZ_B10_H1_ECA3098	2022	TRUE	REF	JU2106_edits	W04A4.2.1	4.64218495986114
JU2106	GZ_B10_H7	2022	FALSE	ALT	JU2106	W04A4.2.1	4.41178139484832
JU2106	GZ_B3_D9	2017	FALSE	ALT	JU2106	W04A4.2.1	6.23600833731077
JU2106	GZ_B5_B8	2017	FALSE	ALT	JU2106	W04A4.2.1	4.85450699877655
JU2106	GZr_B3_B5	2017	FALSE	ALT	JU2106	W04A4.2.1	5.25064290443681
JU2141	GZ_B10_A6_ECA3100	2022	TRUE	ALT	JU2141_edits	W04A4.2.1	10.9270934443418
JU2141	GZ_B10_B8_ECA3099	2022	TRUE	ALT	JU2141_edits	W04A4.2.1	11.5143653414494
JU2141	GZ_B10_B9_ECA3100	2022	TRUE	ALT	JU2141_edits	W04A4.2.1	11.6723520792507
JU2141	GZ_B10_C5	2022	FALSE	REF	JU2141	W04A4.2.1	12.1807801261394
JU2141	GZ_B10_D2_ECA3099	2022	TRUE	ALT	JU2141_edits	W04A4.2.1	12.7780505079672
JU2141	GZ_B10_D8	2022	FALSE	REF	JU2141	W04A4.2.1	11.5033471404393
JU2141	GZ_B10_E5_ECA3099	2022	TRUE	ALT	JU2141_edits	W04A4.2.1	17.3001513572854
JU2141	GZ_B10_E6_ECA3100	2022	TRUE	ALT	JU2141_edits	W04A4.2.1	13.5143602616799
JU2141	GZ_B10_G5	2022	FALSE	REF	JU2141	W04A4.2.1	13.7129814050704
JU2141	GZ_B10_H2_ECA3099	2022	TRUE	ALT	JU2141_edits	W04A4.2.1	12.3398852372781
JU2141	GZ_B10_H3_ECA3100	2022	TRUE	ALT	JU2141_edits	W04A4.2.1	13.7790030409697
JU2141	GZ_B10_H8	2022	FALSE	REF	JU2141	W04A4.2.1	13.6730541106945
JU2141	GZ_B2_A7	2017	FALSE	REF	JU2141	W04A4.2.1	20.9517662321879
JU2141	GZ_B4_I1	2017	FALSE	REF	JU2141	W04A4.2.1	22.0749933611631
JU2141	GZr_B2_D8	2017	FALSE	REF	JU2141	W04A4.2.1	23.4387153748704
JU3144	GZ_B10_A2_ECA3096	2022	TRUE	ALT	JU3144_edits	W04A4.2.1	10.4858692463986
JU3144	GZ_B10_A3_ECA3097	2022	TRUE	ALT	JU3144_edits	W04A4.2.1	11.2505400448839
JU3144	GZ_B10_B5_ECA3096	2022	TRUE	ALT	JU3144_edits	W04A4.2.1	11.4289791641812
JU3144	GZ_B10_C6	2022	FALSE	REF	JU3144	W04A4.2.1	9.94516533103857
JU3144	GZ_B10_C8_ECA3096	2022	TRUE	ALT	JU3144_edits	W04A4.2.1	12.2333729249036
JU3144	GZ_B10_C9_ECA3097	2022	TRUE	ALT	JU3144_edits	W04A4.2.1	9.94087921127452
JU3144	GZ_B10_D9	2022	FALSE	REF	JU3144	W04A4.2.1	11.5816490851839
JU3144	GZ_B10_F3	2022	FALSE	REF	JU3144	W04A4.2.1	12.5969185404323
JU3144	GZ_B10_F6_ECA3097	2022	TRUE	ALT	JU3144_edits	W04A4.2.1	10.9629246862861
JU3144	GZ_B10_G6	2022	FALSE	REF	JU3144	W04A4.2.1	11.0190407610434
JU3144	GZ_B10_G8_ECA3096	2022	TRUE	ALT	JU3144_edits	W04A4.2.1	13.6430178793554
JU3144	GZ_B10_G9_ECA3097	2022	TRUE	ALT	JU3144_edits	W04A4.2.1	11.6127237347066
JU3144	GZ_B10_H9	2022	FALSE	REF	JU3144	W04A4.2.1	11.0169921415721
JU3144	GZ_B2_F6	2017	FALSE	REF	JU3144	W04A4.2.1	21.0121922249671
JU3144	GZ_B5_A2	2017	FALSE	REF	JU3144	W04A4.2.1	18.3666103728217
JU642	GZ_B10_A9	2022	FALSE	ALT	JU642	W04A4.2.1	6.20532422437821
JU642	GZ_B10_C1_ECA3101	2022	TRUE	REF	JU642_edits	W04A4.2.1	5.4872251330452
JU642	GZ_B10_C2_ECA3102	2022	TRUE	REF	JU642_edits	W04A4.2.1	5.09515731973175
JU642	GZ_B10_C3	2022	FALSE	ALT	JU642	W04A4.2.1	5.95084134084999
JU642	GZ_B10_D4_ECA3101	2022	TRUE	REF	JU642_edits	W04A4.2.1	5.57085636713977
JU642	GZ_B10_D5_ECA3102	2022	TRUE	REF	JU642_edits	W04A4.2.1	5.21019320532616
JU642	GZ_B10_E8_ECA3102	2022	TRUE	REF	JU642_edits	W04A4.2.1	6.16786009876984
JU642	GZ_B10_E9	2022	FALSE	ALT	JU642	W04A4.2.1	5.52182015114678
JU642	GZ_B10_G1_ECA3101	2022	TRUE	REF	JU642_edits	W04A4.2.1	5.30446655623459
JU642	GZ_B10_G2_ECA3102	2022	TRUE	REF	JU642_edits	W04A4.2.1	5.38218356109339
JU642	GZ_B10_G3	2022	FALSE	ALT	JU642	W04A4.2.1	5.96054577794022
JU642	GZ_B10_H4_ECA3101	2022	TRUE	REF	JU642_edits	W04A4.2.1	6.16134803484334
JU642	GZ_B10_H5_ECA3102	2022	TRUE	REF	JU642_edits	W04A4.2.1	6.55675807623061
JU642	GZ_B10_H6	2022	FALSE	ALT	JU642	W04A4.2.1	6.44484275118546
JU642	GZ_B7_A6	2017	FALSE	ALT	JU642	W04A4.2.1	8.7002324581031
JU642	GZ_B7_D2	2017	FALSE	ALT	JU642	W04A4.2.1	7.65353708274585
JU642	GZr_B5_I2	2017	FALSE	ALT	JU642	W04A4.2.1	7.54873486744118
JU2106	GZ_B10_A1_ECA3095	2022	TRUE	REF	JU2106_edits	W04B5.1	3.122745064924
JU2106	GZ_B10_A4_ECA3098	2022	TRUE	REF	JU2106_edits	W04B5.1	3.19574476074763
JU2106	GZ_B10_B4_ECA3095	2022	TRUE	REF	JU2106_edits	W04B5.1	3.14795872888579
JU2106	GZ_B10_B7_ECA3098	2022	TRUE	REF	JU2106_edits	W04B5.1	2.06780760089859
JU2106	GZ_B10_C7_ECA3095	2022	TRUE	REF	JU2106_edits	W04B5.1	1.9409047395431
JU2106	GZ_B10_D1_ECA3098	2022	TRUE	REF	JU2106_edits	W04B5.1	4.5336718538452
JU2106	GZ_B10_D7	2022	FALSE	ALT	JU2106	W04B5.1	3.70297444061781
JU2106	GZ_B10_E1_ECA3095	2022	TRUE	REF	JU2106_edits	W04B5.1	3.42954016658347
JU2106	GZ_B10_E4_ECA3098	2022	TRUE	REF	JU2106_edits	W04B5.1	2.98716971401772
JU2106	GZ_B10_F1	2022	FALSE	ALT	JU2106	W04B5.1	2.16258669274224
JU2106	GZ_B10_F4_ECA3095	2022	TRUE	REF	JU2106_edits	W04B5.1	2.8310813522541
JU2106	GZ_B10_F7_ECA3098	2022	TRUE	REF	JU2106_edits	W04B5.1	2.17848740156873
JU2106	GZ_B10_G4	2022	FALSE	ALT	JU2106	W04B5.1	2.07038595322255
JU2106	GZ_B10_H1_ECA3098	2022	TRUE	REF	JU2106_edits	W04B5.1	4.18538103567468
JU2106	GZ_B10_H7	2022	FALSE	ALT	JU2106	W04B5.1	2.49092515566002
JU2106	GZ_B3_D9	2017	FALSE	ALT	JU2106	W04B5.1	2.76955813896827
JU2106	GZ_B5_B8	2017	FALSE	ALT	JU2106	W04B5.1	1.12863597397122
JU2106	GZr_B3_B5	2017	FALSE	ALT	JU2106	W04B5.1	1.0370097232088
JU2141	GZ_B10_A6_ECA3100	2022	TRUE	ALT	JU2141_edits	W04B5.1	5.64449448804887
JU2141	GZ_B10_B8_ECA3099	2022	TRUE	ALT	JU2141_edits	W04B5.1	3.37598286400782
JU2141	GZ_B10_B9_ECA3100	2022	TRUE	ALT	JU2141_edits	W04B5.1	5.68004812062509
JU2141	GZ_B10_C5	2022	FALSE	REF	JU2141	W04B5.1	7.77103242946873
JU2141	GZ_B10_D2_ECA3099	2022	TRUE	ALT	JU2141_edits	W04B5.1	8.96354851642056
JU2141	GZ_B10_D8	2022	FALSE	REF	JU2141	W04B5.1	7.75659877344632
JU2141	GZ_B10_E5_ECA3099	2022	TRUE	ALT	JU2141_edits	W04B5.1	5.67662746864216
JU2141	GZ_B10_E6_ECA3100	2022	TRUE	ALT	JU2141_edits	W04B5.1	6.16091713930994
JU2141	GZ_B10_G5	2022	FALSE	REF	JU2141	W04B5.1	11.4591539577753
JU2141	GZ_B10_H2_ECA3099	2022	TRUE	ALT	JU2141_edits	W04B5.1	9.59860731973546
JU2141	GZ_B10_H3_ECA3100	2022	TRUE	ALT	JU2141_edits	W04B5.1	9.15044991845954
JU2141	GZ_B10_H8	2022	FALSE	REF	JU2141	W04B5.1	6.97416181483487
JU2141	GZ_B2_A7	2017	FALSE	REF	JU2141	W04B5.1	13.7744371261863
JU2141	GZ_B4_I1	2017	FALSE	REF	JU2141	W04B5.1	9.97183267336267
JU2141	GZr_B2_D8	2017	FALSE	REF	JU2141	W04B5.1	8.09481913206408
JU3144	GZ_B10_A2_ECA3096	2022	TRUE	ALT	JU3144_edits	W04B5.1	12.7382488110822
JU3144	GZ_B10_A3_ECA3097	2022	TRUE	ALT	JU3144_edits	W04B5.1	26.1026938435432
JU3144	GZ_B10_B5_ECA3096	2022	TRUE	ALT	JU3144_edits	W04B5.1	7.87253927749997
JU3144	GZ_B10_C6	2022	FALSE	REF	JU3144	W04B5.1	9.2331123258487
JU3144	GZ_B10_C8_ECA3096	2022	TRUE	ALT	JU3144_edits	W04B5.1	12.1146259864329
JU3144	GZ_B10_C9_ECA3097	2022	TRUE	ALT	JU3144_edits	W04B5.1	10.9579290938499
JU3144	GZ_B10_D9	2022	FALSE	REF	JU3144	W04B5.1	13.8567590104531
JU3144	GZ_B10_F3	2022	FALSE	REF	JU3144	W04B5.1	12.0613927537557
JU3144	GZ_B10_F6_ECA3097	2022	TRUE	ALT	JU3144_edits	W04B5.1	10.4694282957772
JU3144	GZ_B10_G6	2022	FALSE	REF	JU3144	W04B5.1	11.6722067558847
JU3144	GZ_B10_G8_ECA3096	2022	TRUE	ALT	JU3144_edits	W04B5.1	12.0009691214984
JU3144	GZ_B10_G9_ECA3097	2022	TRUE	ALT	JU3144_edits	W04B5.1	15.2539892691851
JU3144	GZ_B10_H9	2022	FALSE	REF	JU3144	W04B5.1	30.4771770974635
JU3144	GZ_B2_F6	2017	FALSE	REF	JU3144	W04B5.1	13.5219604291366
JU3144	GZ_B5_A2	2017	FALSE	REF	JU3144	W04B5.1	10.5184141242415
JU642	GZ_B10_A9	2022	FALSE	ALT	JU642	W04B5.1	4.75886172083592
JU642	GZ_B10_C1_ECA3101	2022	TRUE	REF	JU642_edits	W04B5.1	2.3668434297301
JU642	GZ_B10_C2_ECA3102	2022	TRUE	REF	JU642_edits	W04B5.1	2.51535670219556
JU642	GZ_B10_C3	2022	FALSE	ALT	JU642	W04B5.1	2.86445912707193
JU642	GZ_B10_D4_ECA3101	2022	TRUE	REF	JU642_edits	W04B5.1	1.88480907812896
JU642	GZ_B10_D5_ECA3102	2022	TRUE	REF	JU642_edits	W04B5.1	3.34286616028189
JU642	GZ_B10_E8_ECA3102	2022	TRUE	REF	JU642_edits	W04B5.1	5.34315752867192
JU642	GZ_B10_E9	2022	FALSE	ALT	JU642	W04B5.1	2.69376732276063
JU642	GZ_B10_G1_ECA3101	2022	TRUE	REF	JU642_edits	W04B5.1	1.53073051537926
JU642	GZ_B10_G2_ECA3102	2022	TRUE	REF	JU642_edits	W04B5.1	2.1219033620593
JU642	GZ_B10_G3	2022	FALSE	ALT	JU642	W04B5.1	2.92553417974522
JU642	GZ_B10_H4_ECA3101	2022	TRUE	REF	JU642_edits	W04B5.1	1.6127868037544
JU642	GZ_B10_H5_ECA3102	2022	TRUE	REF	JU642_edits	W04B5.1	1.23632115685566
JU642	GZ_B10_H6	2022	FALSE	ALT	JU642	W04B5.1	2.53696343458093
JU642	GZ_B7_A6	2017	FALSE	ALT	JU642	W04B5.1	1.40568732328022
JU642	GZ_B7_D2	2017	FALSE	ALT	JU642	W04B5.1	0.874341109751271
JU642	GZr_B5_I2	2017	FALSE	ALT	JU642	W04B5.1	1.39802055290239
JU2106	GZ_B10_A1_ECA3095	2022	TRUE	REF	JU2106_edits	Y105C5A.14	2.16121904759933
JU2106	GZ_B10_A4_ECA3098	2022	TRUE	REF	JU2106_edits	Y105C5A.14	2.53128072200936
JU2106	GZ_B10_B4_ECA3095	2022	TRUE	REF	JU2106_edits	Y105C5A.14	1.98896051204802
JU2106	GZ_B10_B7_ECA3098	2022	TRUE	REF	JU2106_edits	Y105C5A.14	1.68511745117302
JU2106	GZ_B10_C7_ECA3095	2022	TRUE	REF	JU2106_edits	Y105C5A.14	1.94716563391456
JU2106	GZ_B10_D1_ECA3098	2022	TRUE	REF	JU2106_edits	Y105C5A.14	2.4864594224035
JU2106	GZ_B10_D7	2022	FALSE	ALT	JU2106	Y105C5A.14	2.18214456624468
JU2106	GZ_B10_E1_ECA3095	2022	TRUE	REF	JU2106_edits	Y105C5A.14	2.13752249258387
JU2106	GZ_B10_E4_ECA3098	2022	TRUE	REF	JU2106_edits	Y105C5A.14	2.05207357233411
JU2106	GZ_B10_F1	2022	FALSE	ALT	JU2106	Y105C5A.14	2.04637005817529
JU2106	GZ_B10_F4_ECA3095	2022	TRUE	REF	JU2106_edits	Y105C5A.14	1.88464257378005
JU2106	GZ_B10_F7_ECA3098	2022	TRUE	REF	JU2106_edits	Y105C5A.14	2.53497044361281
JU2106	GZ_B10_G4	2022	FALSE	ALT	JU2106	Y105C5A.14	2.24893693875847
JU2106	GZ_B10_H1_ECA3098	2022	TRUE	REF	JU2106_edits	Y105C5A.14	2.32669100315081
JU2106	GZ_B10_H7	2022	FALSE	ALT	JU2106	Y105C5A.14	2.52735479314026
JU2106	GZ_B3_D9	2017	FALSE	ALT	JU2106	Y105C5A.14	2.02609941053783
JU2106	GZ_B5_B8	2017	FALSE	ALT	JU2106	Y105C5A.14	1.491657778585
JU2106	GZr_B3_B5	2017	FALSE	ALT	JU2106	Y105C5A.14	2.60089176641789
JU2141	GZ_B10_A6_ECA3100	2022	TRUE	ALT	JU2141_edits	Y105C5A.14	5.94084757123768
JU2141	GZ_B10_B8_ECA3099	2022	TRUE	ALT	JU2141_edits	Y105C5A.14	5.21595371031433
JU2141	GZ_B10_B9_ECA3100	2022	TRUE	ALT	JU2141_edits	Y105C5A.14	4.94631891239883
JU2141	GZ_B10_C5	2022	FALSE	REF	JU2141	Y105C5A.14	5.88806821634736
JU2141	GZ_B10_D2_ECA3099	2022	TRUE	ALT	JU2141_edits	Y105C5A.14	6.15084944959247
JU2141	GZ_B10_D8	2022	FALSE	REF	JU2141	Y105C5A.14	6.20378591745242
JU2141	GZ_B10_E5_ECA3099	2022	TRUE	ALT	JU2141_edits	Y105C5A.14	6.6937402000536
JU2141	GZ_B10_E6_ECA3100	2022	TRUE	ALT	JU2141_edits	Y105C5A.14	5.3273661573856
JU2141	GZ_B10_G5	2022	FALSE	REF	JU2141	Y105C5A.14	4.85989124395683
JU2141	GZ_B10_H2_ECA3099	2022	TRUE	ALT	JU2141_edits	Y105C5A.14	5.6305422375189
JU2141	GZ_B10_H3_ECA3100	2022	TRUE	ALT	JU2141_edits	Y105C5A.14	5.65181631075438
JU2141	GZ_B10_H8	2022	FALSE	REF	JU2141	Y105C5A.14	4.87922369324827
JU2141	GZ_B2_A7	2017	FALSE	REF	JU2141	Y105C5A.14	6.78908602582106
JU2141	GZ_B4_I1	2017	FALSE	REF	JU2141	Y105C5A.14	5.96128845045475
JU2141	GZr_B2_D8	2017	FALSE	REF	JU2141	Y105C5A.14	6.01033742114536
JU3144	GZ_B10_A2_ECA3096	2022	TRUE	ALT	JU3144_edits	Y105C5A.14	5.11794534738445
JU3144	GZ_B10_A3_ECA3097	2022	TRUE	ALT	JU3144_edits	Y105C5A.14	6.04355493670469
JU3144	GZ_B10_B5_ECA3096	2022	TRUE	ALT	JU3144_edits	Y105C5A.14	5.29723413682486
JU3144	GZ_B10_C6	2022	FALSE	REF	JU3144	Y105C5A.14	7.08762133653438
JU3144	GZ_B10_C8_ECA3096	2022	TRUE	ALT	JU3144_edits	Y105C5A.14	6.16977036368949
JU3144	GZ_B10_C9_ECA3097	2022	TRUE	ALT	JU3144_edits	Y105C5A.14	6.08615205393504
JU3144	GZ_B10_D9	2022	FALSE	REF	JU3144	Y105C5A.14	6.616714099254
JU3144	GZ_B10_F3	2022	FALSE	REF	JU3144	Y105C5A.14	4.78582864442894
JU3144	GZ_B10_F6_ECA3097	2022	TRUE	ALT	JU3144_edits	Y105C5A.14	5.65471645197487
JU3144	GZ_B10_G6	2022	FALSE	REF	JU3144	Y105C5A.14	5.54084999309896
JU3144	GZ_B10_G8_ECA3096	2022	TRUE	ALT	JU3144_edits	Y105C5A.14	5.75467056820385
JU3144	GZ_B10_G9_ECA3097	2022	TRUE	ALT	JU3144_edits	Y105C5A.14	6.26416662457028
JU3144	GZ_B10_H9	2022	FALSE	REF	JU3144	Y105C5A.14	7.41004393806539
JU3144	GZ_B2_F6	2017	FALSE	REF	JU3144	Y105C5A.14	4.81628531444495
JU3144	GZ_B5_A2	2017	FALSE	REF	JU3144	Y105C5A.14	6.09350902440969
JU642	GZ_B10_A9	2022	FALSE	ALT	JU642	Y105C5A.14	1.741242921789
JU642	GZ_B10_C1_ECA3101	2022	TRUE	REF	JU642_edits	Y105C5A.14	2.18760375049025
JU642	GZ_B10_C2_ECA3102	2022	TRUE	REF	JU642_edits	Y105C5A.14	2.24753620327919
JU642	GZ_B10_C3	2022	FALSE	ALT	JU642	Y105C5A.14	2.57449635035898
JU642	GZ_B10_D4_ECA3101	2022	TRUE	REF	JU642_edits	Y105C5A.14	1.96647093398892
JU642	GZ_B10_D5_ECA3102	2022	TRUE	REF	JU642_edits	Y105C5A.14	2.09188798621775
JU642	GZ_B10_E8_ECA3102	2022	TRUE	REF	JU642_edits	Y105C5A.14	2.12592251166933
JU642	GZ_B10_E9	2022	FALSE	ALT	JU642	Y105C5A.14	1.89231810858451
JU642	GZ_B10_G1_ECA3101	2022	TRUE	REF	JU642_edits	Y105C5A.14	1.88927122629282
JU642	GZ_B10_G2_ECA3102	2022	TRUE	REF	JU642_edits	Y105C5A.14	1.17994429036385
JU642	GZ_B10_G3	2022	FALSE	ALT	JU642	Y105C5A.14	1.99796333304613
JU642	GZ_B10_H4_ECA3101	2022	TRUE	REF	JU642_edits	Y105C5A.14	1.75833367186405
JU642	GZ_B10_H5_ECA3102	2022	TRUE	REF	JU642_edits	Y105C5A.14	1.42679225340255
JU642	GZ_B10_H6	2022	FALSE	ALT	JU642	Y105C5A.14	2.1789085930961
JU642	GZ_B7_A6	2017	FALSE	ALT	JU642	Y105C5A.14	2.08331663842552
JU642	GZ_B7_D2	2017	FALSE	ALT	JU642	Y105C5A.14	1.35877372605709
JU642	GZr_B5_I2	2017	FALSE	ALT	JU642	Y105C5A.14	2.18892274016133
JU2106	GZ_B10_A1_ECA3095	2022	TRUE	REF	JU2106_edits	Y105C5A.25	0.235920913514014
JU2106	GZ_B10_A4_ECA3098	2022	TRUE	REF	JU2106_edits	Y105C5A.25	0.20765823140456
JU2106	GZ_B10_B4_ECA3095	2022	TRUE	REF	JU2106_edits	Y105C5A.25	0.173578977763698
JU2106	GZ_B10_B7_ECA3098	2022	TRUE	REF	JU2106_edits	Y105C5A.25	0.228893686270668
JU2106	GZ_B10_C7_ECA3095	2022	TRUE	REF	JU2106_edits	Y105C5A.25	0.221166273980204
JU2106	GZ_B10_D1_ECA3098	2022	TRUE	REF	JU2106_edits	Y105C5A.25	0.336199947137434
JU2106	GZ_B10_D7	2022	FALSE	ALT	JU2106	Y105C5A.25	0.280566909993449
JU2106	GZ_B10_E1_ECA3095	2022	TRUE	REF	JU2106_edits	Y105C5A.25	0.09614969261841
JU2106	GZ_B10_E4_ECA3098	2022	TRUE	REF	JU2106_edits	Y105C5A.25	0.148793994973606
JU2106	GZ_B10_F1	2022	FALSE	ALT	JU2106	Y105C5A.25	0.18100682650395
JU2106	GZ_B10_F4_ECA3095	2022	TRUE	REF	JU2106_edits	Y105C5A.25	0.0916486481111113
JU2106	GZ_B10_F7_ECA3098	2022	TRUE	REF	JU2106_edits	Y105C5A.25	0.178476765718208
JU2106	GZ_B10_G4	2022	FALSE	ALT	JU2106	Y105C5A.25	0.0814925612258213
JU2106	GZ_B10_H1_ECA3098	2022	TRUE	REF	JU2106_edits	Y105C5A.25	0.321989395540989
JU2106	GZ_B10_H7	2022	FALSE	ALT	JU2106	Y105C5A.25	0.108289698540954
JU2106	GZ_B3_D9	2017	FALSE	ALT	JU2106	Y105C5A.25	0.307773381221231
JU2106	GZ_B5_B8	2017	FALSE	ALT	JU2106	Y105C5A.25	0.124688825902633
JU2106	GZr_B3_B5	2017	FALSE	ALT	JU2106	Y105C5A.25	0.113257422318135
JU2141	GZ_B10_A6_ECA3100	2022	TRUE	ALT	JU2141_edits	Y105C5A.25	1.52870101566024
JU2141	GZ_B10_B8_ECA3099	2022	TRUE	ALT	JU2141_edits	Y105C5A.25	0.884568702236584
JU2141	GZ_B10_B9_ECA3100	2022	TRUE	ALT	JU2141_edits	Y105C5A.25	1.22697298965001
JU2141	GZ_B10_C5	2022	FALSE	REF	JU2141	Y105C5A.25	1.75543177417938
JU2141	GZ_B10_D2_ECA3099	2022	TRUE	ALT	JU2141_edits	Y105C5A.25	1.89777475255855
JU2141	GZ_B10_D8	2022	FALSE	REF	JU2141	Y105C5A.25	2.07786864928903
JU2141	GZ_B10_E5_ECA3099	2022	TRUE	ALT	JU2141_edits	Y105C5A.25	1.26225523415198
JU2141	GZ_B10_E6_ECA3100	2022	TRUE	ALT	JU2141_edits	Y105C5A.25	1.30941779678177
JU2141	GZ_B10_G5	2022	FALSE	REF	JU2141	Y105C5A.25	2.34806130821065
JU2141	GZ_B10_H2_ECA3099	2022	TRUE	ALT	JU2141_edits	Y105C5A.25	1.98685828949101
JU2141	GZ_B10_H3_ECA3100	2022	TRUE	ALT	JU2141_edits	Y105C5A.25	2.28597582497921
JU2141	GZ_B10_H8	2022	FALSE	REF	JU2141	Y105C5A.25	1.96927037378426
JU2141	GZ_B2_A7	2017	FALSE	REF	JU2141	Y105C5A.25	3.13271605572481
JU2141	GZ_B4_I1	2017	FALSE	REF	JU2141	Y105C5A.25	2.12794374052572
JU2141	GZr_B2_D8	2017	FALSE	REF	JU2141	Y105C5A.25	2.31561221167119
JU3144	GZ_B10_A2_ECA3096	2022	TRUE	ALT	JU3144_edits	Y105C5A.25	2.81322881798406
JU3144	GZ_B10_A3_ECA3097	2022	TRUE	ALT	JU3144_edits	Y105C5A.25	3.44659827769391
JU3144	GZ_B10_B5_ECA3096	2022	TRUE	ALT	JU3144_edits	Y105C5A.25	2.28651279567342
JU3144	GZ_B10_C6	2022	FALSE	REF	JU3144	Y105C5A.25	2.12616531241017
JU3144	GZ_B10_C8_ECA3096	2022	TRUE	ALT	JU3144_edits	Y105C5A.25	2.8364759277858
JU3144	GZ_B10_C9_ECA3097	2022	TRUE	ALT	JU3144_edits	Y105C5A.25	2.6056364967674
JU3144	GZ_B10_D9	2022	FALSE	REF	JU3144	Y105C5A.25	3.3001978748362
JU3144	GZ_B10_F3	2022	FALSE	REF	JU3144	Y105C5A.25	2.04873247906832
JU3144	GZ_B10_F6_ECA3097	2022	TRUE	ALT	JU3144_edits	Y105C5A.25	2.48554615237051
JU3144	GZ_B10_G6	2022	FALSE	REF	JU3144	Y105C5A.25	3.38548553035346
JU3144	GZ_B10_G8_ECA3096	2022	TRUE	ALT	JU3144_edits	Y105C5A.25	3.22412782534112
JU3144	GZ_B10_G9_ECA3097	2022	TRUE	ALT	JU3144_edits	Y105C5A.25	3.19192926136746
JU3144	GZ_B10_H9	2022	FALSE	REF	JU3144	Y105C5A.25	4.99924409741605
JU3144	GZ_B2_F6	2017	FALSE	REF	JU3144	Y105C5A.25	2.63496828618332
JU3144	GZ_B5_A2	2017	FALSE	REF	JU3144	Y105C5A.25	1.81429282817551
JU642	GZ_B10_A9	2022	FALSE	ALT	JU642	Y105C5A.25	0.199684365980077
JU642	GZ_B10_C1_ECA3101	2022	TRUE	REF	JU642_edits	Y105C5A.25	0.153411541763311
JU642	GZ_B10_C2_ECA3102	2022	TRUE	REF	JU642_edits	Y105C5A.25	0.0616644435227529
JU642	GZ_B10_C3	2022	FALSE	ALT	JU642	Y105C5A.25	0
JU642	GZ_B10_D4_ECA3101	2022	TRUE	REF	JU642_edits	Y105C5A.25	0.439386234819462
JU642	GZ_B10_D5_ECA3102	2022	TRUE	REF	JU642_edits	Y105C5A.25	0.108523485622682
JU642	GZ_B10_E8_ECA3102	2022	TRUE	REF	JU642_edits	Y105C5A.25	0.257088051301681
JU642	GZ_B10_E9	2022	FALSE	ALT	JU642	Y105C5A.25	0.168711224539879
JU642	GZ_B10_G1_ECA3101	2022	TRUE	REF	JU642_edits	Y105C5A.25	0.0856163115380229
JU642	GZ_B10_G2_ECA3102	2022	TRUE	REF	JU642_edits	Y105C5A.25	0.260814138770437
JU642	GZ_B10_G3	2022	FALSE	ALT	JU642	Y105C5A.25	0.015984078902807
JU642	GZ_B10_H4_ECA3101	2022	TRUE	REF	JU642_edits	Y105C5A.25	0.0970853347481326
JU642	GZ_B10_H5_ECA3102	2022	TRUE	REF	JU642_edits	Y105C5A.25	0.134735048514048
JU642	GZ_B10_H6	2022	FALSE	ALT	JU642	Y105C5A.25	0.152135289446221
JU642	GZ_B7_A6	2017	FALSE	ALT	JU642	Y105C5A.25	0.0697854042881328
JU642	GZ_B7_D2	2017	FALSE	ALT	JU642	Y105C5A.25	0.303834745378849
JU642	GZr_B5_I2	2017	FALSE	ALT	JU642	Y105C5A.25	0.0566567616887826
JU2106	GZ_B10_A1_ECA3095	2022	TRUE	REF	JU2106_edits	Y59H11AR.6	4.65497764007898
JU2106	GZ_B10_A4_ECA3098	2022	TRUE	REF	JU2106_edits	Y59H11AR.6	3.82523297839663
JU2106	GZ_B10_B4_ECA3095	2022	TRUE	REF	JU2106_edits	Y59H11AR.6	4.27095149389139
JU2106	GZ_B10_B7_ECA3098	2022	TRUE	REF	JU2106_edits	Y59H11AR.6	3.06616098274484
JU2106	GZ_B10_C7_ECA3095	2022	TRUE	REF	JU2106_edits	Y59H11AR.6	3.01236851466753
JU2106	GZ_B10_D1_ECA3098	2022	TRUE	REF	JU2106_edits	Y59H11AR.6	6.06318782174447
JU2106	GZ_B10_D7	2022	FALSE	ALT	JU2106	Y59H11AR.6	4.11069189020261
JU2106	GZ_B10_E1_ECA3095	2022	TRUE	REF	JU2106_edits	Y59H11AR.6	5.09565612684162
JU2106	GZ_B10_E4_ECA3098	2022	TRUE	REF	JU2106_edits	Y59H11AR.6	2.50043737460395
JU2106	GZ_B10_F1	2022	FALSE	ALT	JU2106	Y59H11AR.6	2.44874678213235
JU2106	GZ_B10_F4_ECA3095	2022	TRUE	REF	JU2106_edits	Y59H11AR.6	2.50283728677294
JU2106	GZ_B10_F7_ECA3098	2022	TRUE	REF	JU2106_edits	Y59H11AR.6	2.39609771537396
JU2106	GZ_B10_G4	2022	FALSE	ALT	JU2106	Y59H11AR.6	3.10253353246508
JU2106	GZ_B10_H1_ECA3098	2022	TRUE	REF	JU2106_edits	Y59H11AR.6	5.75155468983851
JU2106	GZ_B10_H7	2022	FALSE	ALT	JU2106	Y59H11AR.6	3.46239844196311
JU2106	GZ_B3_D9	2017	FALSE	ALT	JU2106	Y59H11AR.6	3.57350319065645
JU2106	GZ_B5_B8	2017	FALSE	ALT	JU2106	Y59H11AR.6	2.79920190967483
JU2106	GZr_B3_B5	2017	FALSE	ALT	JU2106	Y59H11AR.6	1.56236281126437
JU2141	GZ_B10_A6_ECA3100	2022	TRUE	ALT	JU2141_edits	Y59H11AR.6	7.47493591161105
JU2141	GZ_B10_B8_ECA3099	2022	TRUE	ALT	JU2141_edits	Y59H11AR.6	8.42073419803515
JU2141	GZ_B10_B9_ECA3100	2022	TRUE	ALT	JU2141_edits	Y59H11AR.6	15.00280460187
JU2141	GZ_B10_C5	2022	FALSE	REF	JU2141	Y59H11AR.6	20.006812667131
JU2141	GZ_B10_D2_ECA3099	2022	TRUE	ALT	JU2141_edits	Y59H11AR.6	10.9095704489328
JU2141	GZ_B10_D8	2022	FALSE	REF	JU2141	Y59H11AR.6	10.9871219697261
JU2141	GZ_B10_E5_ECA3099	2022	TRUE	ALT	JU2141_edits	Y59H11AR.6	18.4288573902204
JU2141	GZ_B10_E6_ECA3100	2022	TRUE	ALT	JU2141_edits	Y59H11AR.6	9.43515675850544
JU2141	GZ_B10_G5	2022	FALSE	REF	JU2141	Y59H11AR.6	21.3995409533374
JU2141	GZ_B10_H2_ECA3099	2022	TRUE	ALT	JU2141_edits	Y59H11AR.6	13.7648733597616
JU2141	GZ_B10_H3_ECA3100	2022	TRUE	ALT	JU2141_edits	Y59H11AR.6	11.2090855106836
JU2141	GZ_B10_H8	2022	FALSE	REF	JU2141	Y59H11AR.6	12.4393520373775
JU2141	GZ_B2_A7	2017	FALSE	REF	JU2141	Y59H11AR.6	24.5493098013275
JU2141	GZ_B4_I1	2017	FALSE	REF	JU2141	Y59H11AR.6	10.6904237505366
JU2141	GZr_B2_D8	2017	FALSE	REF	JU2141	Y59H11AR.6	11.2687051345683
JU3144	GZ_B10_A2_ECA3096	2022	TRUE	ALT	JU3144_edits	Y59H11AR.6	28.4226553838356
JU3144	GZ_B10_A3_ECA3097	2022	TRUE	ALT	JU3144_edits	Y59H11AR.6	51.8585530587036
JU3144	GZ_B10_B5_ECA3096	2022	TRUE	ALT	JU3144_edits	Y59H11AR.6	12.1420888272725
JU3144	GZ_B10_C6	2022	FALSE	REF	JU3144	Y59H11AR.6	17.101211872711
JU3144	GZ_B10_C8_ECA3096	2022	TRUE	ALT	JU3144_edits	Y59H11AR.6	11.7132218934549
JU3144	GZ_B10_C9_ECA3097	2022	TRUE	ALT	JU3144_edits	Y59H11AR.6	14.3666678463892
JU3144	GZ_B10_D9	2022	FALSE	REF	JU3144	Y59H11AR.6	18.7968089642331
JU3144	GZ_B10_F3	2022	FALSE	REF	JU3144	Y59H11AR.6	21.0946879492183
JU3144	GZ_B10_F6_ECA3097	2022	TRUE	ALT	JU3144_edits	Y59H11AR.6	16.751797085768
JU3144	GZ_B10_G6	2022	FALSE	REF	JU3144	Y59H11AR.6	20.6145588661746
JU3144	GZ_B10_G8_ECA3096	2022	TRUE	ALT	JU3144_edits	Y59H11AR.6	15.5100754792518
JU3144	GZ_B10_G9_ECA3097	2022	TRUE	ALT	JU3144_edits	Y59H11AR.6	25.385952083093
JU3144	GZ_B10_H9	2022	FALSE	REF	JU3144	Y59H11AR.6	43.8137607640008
JU3144	GZ_B2_F6	2017	FALSE	REF	JU3144	Y59H11AR.6	17.3472788841072
JU3144	GZ_B5_A2	2017	FALSE	REF	JU3144	Y59H11AR.6	20.4341250836992
JU642	GZ_B10_A9	2022	FALSE	ALT	JU642	Y59H11AR.6	10.814070054227
JU642	GZ_B10_C1_ECA3101	2022	TRUE	REF	JU642_edits	Y59H11AR.6	2.5065916982841
JU642	GZ_B10_C2_ECA3102	2022	TRUE	REF	JU642_edits	Y59H11AR.6	4.08702107787723
JU642	GZ_B10_C3	2022	FALSE	ALT	JU642	Y59H11AR.6	3.70858868655378
JU642	GZ_B10_D4_ECA3101	2022	TRUE	REF	JU642_edits	Y59H11AR.6	3.23420140067694
JU642	GZ_B10_D5_ECA3102	2022	TRUE	REF	JU642_edits	Y59H11AR.6	6.28004923187459
JU642	GZ_B10_E8_ECA3102	2022	TRUE	REF	JU642_edits	Y59H11AR.6	10.79556531103
JU642	GZ_B10_E9	2022	FALSE	ALT	JU642	Y59H11AR.6	2.59466130962468
JU642	GZ_B10_G1_ECA3101	2022	TRUE	REF	JU642_edits	Y59H11AR.6	3.14994096687016
JU642	GZ_B10_G2_ECA3102	2022	TRUE	REF	JU642_edits	Y59H11AR.6	3.88565692712079
JU642	GZ_B10_G3	2022	FALSE	ALT	JU642	Y59H11AR.6	5.09472232237188
JU642	GZ_B10_H4_ECA3101	2022	TRUE	REF	JU642_edits	Y59H11AR.6	3.08076648291711
JU642	GZ_B10_H5_ECA3102	2022	TRUE	REF	JU642_edits	Y59H11AR.6	2.68257234176727
JU642	GZ_B10_H6	2022	FALSE	ALT	JU642	Y59H11AR.6	3.29894820442464
JU642	GZ_B7_A6	2017	FALSE	ALT	JU642	Y59H11AR.6	4.75172396891206
JU642	GZ_B7_D2	2017	FALSE	ALT	JU642	Y59H11AR.6	4.59956992552209
JU642	GZr_B5_I2	2017	FALSE	ALT	JU642	Y59H11AR.6	2.0235161179658
JU2106	GZ_B10_A1_ECA3095	2022	TRUE	REF	JU2106_edits	Y73B6BL.288.1	5.62257081353895
JU2106	GZ_B10_A4_ECA3098	2022	TRUE	REF	JU2106_edits	Y73B6BL.288.1	5.12217035087413
JU2106	GZ_B10_B4_ECA3095	2022	TRUE	REF	JU2106_edits	Y73B6BL.288.1	4.2619459352724
JU2106	GZ_B10_B7_ECA3098	2022	TRUE	REF	JU2106_edits	Y73B6BL.288.1	4.89159900808547
JU2106	GZ_B10_C7_ECA3095	2022	TRUE	REF	JU2106_edits	Y73B6BL.288.1	2.94644260956933
JU2106	GZ_B10_D1_ECA3098	2022	TRUE	REF	JU2106_edits	Y73B6BL.288.1	4.57846863001001
JU2106	GZ_B10_D7	2022	FALSE	ALT	JU2106	Y73B6BL.288.1	3.50913730012583
JU2106	GZ_B10_E1_ECA3095	2022	TRUE	REF	JU2106_edits	Y73B6BL.288.1	3.99611548933721
JU2106	GZ_B10_E4_ECA3098	2022	TRUE	REF	JU2106_edits	Y73B6BL.288.1	4.60060844966102
JU2106	GZ_B10_F1	2022	FALSE	ALT	JU2106	Y73B6BL.288.1	3.62868155640872
JU2106	GZ_B10_F4_ECA3095	2022	TRUE	REF	JU2106_edits	Y73B6BL.288.1	3.28411997866319
JU2106	GZ_B10_F7_ECA3098	2022	TRUE	REF	JU2106_edits	Y73B6BL.288.1	4.06711377536027
JU2106	GZ_B10_G4	2022	FALSE	ALT	JU2106	Y73B6BL.288.1	3.15771686250445
JU2106	GZ_B10_H1_ECA3098	2022	TRUE	REF	JU2106_edits	Y73B6BL.288.1	3.96612598620537
JU2106	GZ_B10_H7	2022	FALSE	ALT	JU2106	Y73B6BL.288.1	3.70886736078697
JU2106	GZ_B3_D9	2017	FALSE	ALT	JU2106	Y73B6BL.288.1	3.05368881105608
JU2106	GZ_B5_B8	2017	FALSE	ALT	JU2106	Y73B6BL.288.1	3.88408205429156
JU2106	GZr_B3_B5	2017	FALSE	ALT	JU2106	Y73B6BL.288.1	6.2406894876989
JU2141	GZ_B10_A6_ECA3100	2022	TRUE	ALT	JU2141_edits	Y73B6BL.288.1	4.92874819155145
JU2141	GZ_B10_B8_ECA3099	2022	TRUE	ALT	JU2141_edits	Y73B6BL.288.1	4.56517525200905
JU2141	GZ_B10_B9_ECA3100	2022	TRUE	ALT	JU2141_edits	Y73B6BL.288.1	4.13109062889153
JU2141	GZ_B10_C5	2022	FALSE	REF	JU2141	Y73B6BL.288.1	4.40247395816007
JU2141	GZ_B10_D2_ECA3099	2022	TRUE	ALT	JU2141_edits	Y73B6BL.288.1	3.09364374043619
JU2141	GZ_B10_D8	2022	FALSE	REF	JU2141	Y73B6BL.288.1	3.89135380806053
JU2141	GZ_B10_E5_ECA3099	2022	TRUE	ALT	JU2141_edits	Y73B6BL.288.1	3.83503377123097
JU2141	GZ_B10_E6_ECA3100	2022	TRUE	ALT	JU2141_edits	Y73B6BL.288.1	3.60909109178604
JU2141	GZ_B10_G5	2022	FALSE	REF	JU2141	Y73B6BL.288.1	4.29586616363316
JU2141	GZ_B10_H2_ECA3099	2022	TRUE	ALT	JU2141_edits	Y73B6BL.288.1	4.3084554261648
JU2141	GZ_B10_H3_ECA3100	2022	TRUE	ALT	JU2141_edits	Y73B6BL.288.1	3.48464877214536
JU2141	GZ_B10_H8	2022	FALSE	REF	JU2141	Y73B6BL.288.1	3.46759403381424
JU2141	GZ_B2_A7	2017	FALSE	REF	JU2141	Y73B6BL.288.1	3.61454912124002
JU2141	GZ_B4_I1	2017	FALSE	REF	JU2141	Y73B6BL.288.1	3.63104142620688
JU2141	GZr_B2_D8	2017	FALSE	REF	JU2141	Y73B6BL.288.1	3.93819714710042
JU3144	GZ_B10_A2_ECA3096	2022	TRUE	ALT	JU3144_edits	Y73B6BL.288.1	5.34542377219918
JU3144	GZ_B10_A3_ECA3097	2022	TRUE	ALT	JU3144_edits	Y73B6BL.288.1	5.10273363765822
JU3144	GZ_B10_B5_ECA3096	2022	TRUE	ALT	JU3144_edits	Y73B6BL.288.1	5.03071029302086
JU3144	GZ_B10_C6	2022	FALSE	REF	JU3144	Y73B6BL.288.1	6.07384800018736
JU3144	GZ_B10_C8_ECA3096	2022	TRUE	ALT	JU3144_edits	Y73B6BL.288.1	4.34068214687897
JU3144	GZ_B10_C9_ECA3097	2022	TRUE	ALT	JU3144_edits	Y73B6BL.288.1	4.91063577987732
JU3144	GZ_B10_D9	2022	FALSE	REF	JU3144	Y73B6BL.288.1	4.62992570025132
JU3144	GZ_B10_F3	2022	FALSE	REF	JU3144	Y73B6BL.288.1	4.33255590590012
JU3144	GZ_B10_F6_ECA3097	2022	TRUE	ALT	JU3144_edits	Y73B6BL.288.1	5.44105678980868
JU3144	GZ_B10_G6	2022	FALSE	REF	JU3144	Y73B6BL.288.1	5.39679779882478
JU3144	GZ_B10_G8_ECA3096	2022	TRUE	ALT	JU3144_edits	Y73B6BL.288.1	6.12340180490409
JU3144	GZ_B10_G9_ECA3097	2022	TRUE	ALT	JU3144_edits	Y73B6BL.288.1	4.88278841620038
JU3144	GZ_B10_H9	2022	FALSE	REF	JU3144	Y73B6BL.288.1	9.7895476341585
JU3144	GZ_B2_F6	2017	FALSE	REF	JU3144	Y73B6BL.288.1	4.39239340312159
JU3144	GZ_B5_A2	2017	FALSE	REF	JU3144	Y73B6BL.288.1	3.83703943783789
JU642	GZ_B10_A9	2022	FALSE	ALT	JU642	Y73B6BL.288.1	5.27728323582265
JU642	GZ_B10_C1_ECA3101	2022	TRUE	REF	JU642_edits	Y73B6BL.288.1	4.35299341150224
JU642	GZ_B10_C2_ECA3102	2022	TRUE	REF	JU642_edits	Y73B6BL.288.1	4.04418910532575
JU642	GZ_B10_C3	2022	FALSE	ALT	JU642	Y73B6BL.288.1	4.83929484719532
JU642	GZ_B10_D4_ECA3101	2022	TRUE	REF	JU642_edits	Y73B6BL.288.1	3.87786521423452
JU642	GZ_B10_D5_ECA3102	2022	TRUE	REF	JU642_edits	Y73B6BL.288.1	4.91075738440743
JU642	GZ_B10_E8_ECA3102	2022	TRUE	REF	JU642_edits	Y73B6BL.288.1	4.51072967895094
JU642	GZ_B10_E9	2022	FALSE	ALT	JU642	Y73B6BL.288.1	3.64185004282847
JU642	GZ_B10_G1_ECA3101	2022	TRUE	REF	JU642_edits	Y73B6BL.288.1	3.56385651108042
JU642	GZ_B10_G2_ECA3102	2022	TRUE	REF	JU642_edits	Y73B6BL.288.1	3.36149708601042
JU642	GZ_B10_G3	2022	FALSE	ALT	JU642	Y73B6BL.288.1	4.77206107440734
JU642	GZ_B10_H4_ECA3101	2022	TRUE	REF	JU642_edits	Y73B6BL.288.1	2.57883420445597
JU642	GZ_B10_H5_ECA3102	2022	TRUE	REF	JU642_edits	Y73B6BL.288.1	2.76609640258196
JU642	GZ_B10_H6	2022	FALSE	ALT	JU642	Y73B6BL.288.1	3.52771338008257
JU642	GZ_B7_A6	2017	FALSE	ALT	JU642	Y73B6BL.288.1	3.60515281232486
JU642	GZ_B7_D2	2017	FALSE	ALT	JU642	Y73B6BL.288.1	3.01116175343503
JU642	GZr_B5_I2	2017	FALSE	ALT	JU642	Y73B6BL.288.1	4.25374528419023
JU2106	GZ_B10_A1_ECA3095	2022	TRUE	REF	JU2106_edits	Y82E9BL.18.1	0
JU2106	GZ_B10_A4_ECA3098	2022	TRUE	REF	JU2106_edits	Y82E9BL.18.1	0
JU2106	GZ_B10_B4_ECA3095	2022	TRUE	REF	JU2106_edits	Y82E9BL.18.1	0
JU2106	GZ_B10_B7_ECA3098	2022	TRUE	REF	JU2106_edits	Y82E9BL.18.1	0
JU2106	GZ_B10_C7_ECA3095	2022	TRUE	REF	JU2106_edits	Y82E9BL.18.1	0
JU2106	GZ_B10_D1_ECA3098	2022	TRUE	REF	JU2106_edits	Y82E9BL.18.1	0
JU2106	GZ_B10_D7	2022	FALSE	ALT	JU2106	Y82E9BL.18.1	0
JU2106	GZ_B10_E1_ECA3095	2022	TRUE	REF	JU2106_edits	Y82E9BL.18.1	0
JU2106	GZ_B10_E4_ECA3098	2022	TRUE	REF	JU2106_edits	Y82E9BL.18.1	0
JU2106	GZ_B10_F1	2022	FALSE	ALT	JU2106	Y82E9BL.18.1	0
JU2106	GZ_B10_F4_ECA3095	2022	TRUE	REF	JU2106_edits	Y82E9BL.18.1	0
JU2106	GZ_B10_F7_ECA3098	2022	TRUE	REF	JU2106_edits	Y82E9BL.18.1	0
JU2106	GZ_B10_G4	2022	FALSE	ALT	JU2106	Y82E9BL.18.1	0.271460329483791
JU2106	GZ_B10_H1_ECA3098	2022	TRUE	REF	JU2106_edits	Y82E9BL.18.1	0
JU2106	GZ_B10_H7	2022	FALSE	ALT	JU2106	Y82E9BL.18.1	0
JU2106	GZ_B3_D9	2017	FALSE	ALT	JU2106	Y82E9BL.18.1	0
JU2106	GZ_B5_B8	2017	FALSE	ALT	JU2106	Y82E9BL.18.1	0
JU2106	GZr_B3_B5	2017	FALSE	ALT	JU2106	Y82E9BL.18.1	0.016787470028169
JU2141	GZ_B10_A6_ECA3100	2022	TRUE	ALT	JU2141_edits	Y82E9BL.18.1	1.00560260301451
JU2141	GZ_B10_B8_ECA3099	2022	TRUE	ALT	JU2141_edits	Y82E9BL.18.1	0.554810097718372
JU2141	GZ_B10_B9_ECA3100	2022	TRUE	ALT	JU2141_edits	Y82E9BL.18.1	1.013511072495
JU2141	GZ_B10_C5	2022	FALSE	REF	JU2141	Y82E9BL.18.1	2.09701513220982
JU2141	GZ_B10_D2_ECA3099	2022	TRUE	ALT	JU2141_edits	Y82E9BL.18.1	1.29934078248398
JU2141	GZ_B10_D8	2022	FALSE	REF	JU2141	Y82E9BL.18.1	1.47468786027193
JU2141	GZ_B10_E5_ECA3099	2022	TRUE	ALT	JU2141_edits	Y82E9BL.18.1	2.54753851883029
JU2141	GZ_B10_E6_ECA3100	2022	TRUE	ALT	JU2141_edits	Y82E9BL.18.1	1.01579618954376
JU2141	GZ_B10_G5	2022	FALSE	REF	JU2141	Y82E9BL.18.1	1.24240267454318
JU2141	GZ_B10_H2_ECA3099	2022	TRUE	ALT	JU2141_edits	Y82E9BL.18.1	1.6182189104713
JU2141	GZ_B10_H3_ECA3100	2022	TRUE	ALT	JU2141_edits	Y82E9BL.18.1	1.28141377881603
JU2141	GZ_B10_H8	2022	FALSE	REF	JU2141	Y82E9BL.18.1	1.24105098527699
JU2141	GZ_B2_A7	2017	FALSE	REF	JU2141	Y82E9BL.18.1	0
JU2141	GZ_B4_I1	2017	FALSE	REF	JU2141	Y82E9BL.18.1	0.0345225630672898
JU2141	GZr_B2_D8	2017	FALSE	REF	JU2141	Y82E9BL.18.1	0.918709770878301
JU3144	GZ_B10_A2_ECA3096	2022	TRUE	ALT	JU3144_edits	Y82E9BL.18.1	2.89003465198749
JU3144	GZ_B10_A3_ECA3097	2022	TRUE	ALT	JU3144_edits	Y82E9BL.18.1	3.12427717717748
JU3144	GZ_B10_B5_ECA3096	2022	TRUE	ALT	JU3144_edits	Y82E9BL.18.1	1.48054308501965
JU3144	GZ_B10_C6	2022	FALSE	REF	JU3144	Y82E9BL.18.1	1.42439020123539
JU3144	GZ_B10_C8_ECA3096	2022	TRUE	ALT	JU3144_edits	Y82E9BL.18.1	1.70348912468629
JU3144	GZ_B10_C9_ECA3097	2022	TRUE	ALT	JU3144_edits	Y82E9BL.18.1	2.09617569416027
JU3144	GZ_B10_D9	2022	FALSE	REF	JU3144	Y82E9BL.18.1	2.02341302162876
JU3144	GZ_B10_F3	2022	FALSE	REF	JU3144	Y82E9BL.18.1	1.76764461210362
JU3144	GZ_B10_F6_ECA3097	2022	TRUE	ALT	JU3144_edits	Y82E9BL.18.1	1.44863077052316
JU3144	GZ_B10_G6	2022	FALSE	REF	JU3144	Y82E9BL.18.1	1.59326286677282
JU3144	GZ_B10_G8_ECA3096	2022	TRUE	ALT	JU3144_edits	Y82E9BL.18.1	1.44185727004568
JU3144	GZ_B10_G9_ECA3097	2022	TRUE	ALT	JU3144_edits	Y82E9BL.18.1	2.47031519848825
JU3144	GZ_B10_H9	2022	FALSE	REF	JU3144	Y82E9BL.18.1	1.96387452691677
JU3144	GZ_B2_F6	2017	FALSE	REF	JU3144	Y82E9BL.18.1	1.37740043733099
JU3144	GZ_B5_A2	2017	FALSE	REF	JU3144	Y82E9BL.18.1	0.549824412122271
JU642	GZ_B10_A9	2022	FALSE	ALT	JU642	Y82E9BL.18.1	0
JU642	GZ_B10_C1_ECA3101	2022	TRUE	REF	JU642_edits	Y82E9BL.18.1	0
JU642	GZ_B10_C2_ECA3102	2022	TRUE	REF	JU642_edits	Y82E9BL.18.1	0.0906294868507074
JU642	GZ_B10_C3	2022	FALSE	ALT	JU642	Y82E9BL.18.1	0
JU642	GZ_B10_D4_ECA3101	2022	TRUE	REF	JU642_edits	Y82E9BL.18.1	0.0976110945660383
JU642	GZ_B10_D5_ECA3102	2022	TRUE	REF	JU642_edits	Y82E9BL.18.1	0.0334823964783329
JU642	GZ_B10_E8_ECA3102	2022	TRUE	REF	JU642_edits	Y82E9BL.18.1	0.0339327746227688
JU642	GZ_B10_E9	2022	FALSE	ALT	JU642	Y82E9BL.18.1	0
JU642	GZ_B10_G1_ECA3101	2022	TRUE	REF	JU642_edits	Y82E9BL.18.1	0.241223052970833
JU642	GZ_B10_G2_ECA3102	2022	TRUE	REF	JU642_edits	Y82E9BL.18.1	0.0892853112454337
JU642	GZ_B10_G3	2022	FALSE	ALT	JU642	Y82E9BL.18.1	0
JU642	GZ_B10_H4_ECA3101	2022	TRUE	REF	JU642_edits	Y82E9BL.18.1	0
JU642	GZ_B10_H5_ECA3102	2022	TRUE	REF	JU642_edits	Y82E9BL.18.1	0.126666994654499
JU642	GZ_B10_H6	2022	FALSE	ALT	JU642	Y82E9BL.18.1	0
JU642	GZ_B7_A6	2017	FALSE	ALT	JU642	Y82E9BL.18.1	0
JU642	GZ_B7_D2	2017	FALSE	ALT	JU642	Y82E9BL.18.1	0.0141443288655102
JU642	GZr_B5_I2	2017	FALSE	ALT	JU642	Y82E9BL.18.1	0
JU2106	GZ_B10_A1_ECA3095	2022	TRUE	REF	JU2106_edits	Y82E9BL.18.2	0.711068776135826
JU2106	GZ_B10_A4_ECA3098	2022	TRUE	REF	JU2106_edits	Y82E9BL.18.2	0.659785728911128
JU2106	GZ_B10_B4_ECA3095	2022	TRUE	REF	JU2106_edits	Y82E9BL.18.2	0.699873338955332
JU2106	GZ_B10_B7_ECA3098	2022	TRUE	REF	JU2106_edits	Y82E9BL.18.2	0.596773606549581
JU2106	GZ_B10_C7_ECA3095	2022	TRUE	REF	JU2106_edits	Y82E9BL.18.2	1.01926280382346
JU2106	GZ_B10_D1_ECA3098	2022	TRUE	REF	JU2106_edits	Y82E9BL.18.2	1.25584170084179
JU2106	GZ_B10_D7	2022	FALSE	ALT	JU2106	Y82E9BL.18.2	0.864851905101589
JU2106	GZ_B10_E1_ECA3095	2022	TRUE	REF	JU2106_edits	Y82E9BL.18.2	0.695303404383783
JU2106	GZ_B10_E4_ECA3098	2022	TRUE	REF	JU2106_edits	Y82E9BL.18.2	0.363599576891663
JU2106	GZ_B10_F1	2022	FALSE	ALT	JU2106	Y82E9BL.18.2	0.404500484885774
JU2106	GZ_B10_F4_ECA3095	2022	TRUE	REF	JU2106_edits	Y82E9BL.18.2	0.507842122819262
JU2106	GZ_B10_F7_ECA3098	2022	TRUE	REF	JU2106_edits	Y82E9BL.18.2	0.698060755157566
JU2106	GZ_B10_G4	2022	FALSE	ALT	JU2106	Y82E9BL.18.2	0.525208751630723
JU2106	GZ_B10_H1_ECA3098	2022	TRUE	REF	JU2106_edits	Y82E9BL.18.2	0.6502722964046
JU2106	GZ_B10_H7	2022	FALSE	ALT	JU2106	Y82E9BL.18.2	0.550316627426575
JU2106	GZ_B3_D9	2017	FALSE	ALT	JU2106	Y82E9BL.18.2	0.240721907283076
JU2106	GZ_B5_B8	2017	FALSE	ALT	JU2106	Y82E9BL.18.2	0.822879256911895
JU2106	GZr_B3_B5	2017	FALSE	ALT	JU2106	Y82E9BL.18.2	0.278347880182769
JU2141	GZ_B10_A6_ECA3100	2022	TRUE	ALT	JU2141_edits	Y82E9BL.18.2	0.156935142623683
JU2141	GZ_B10_B8_ECA3099	2022	TRUE	ALT	JU2141_edits	Y82E9BL.18.2	0
JU2141	GZ_B10_B9_ECA3100	2022	TRUE	ALT	JU2141_edits	Y82E9BL.18.2	0
JU2141	GZ_B10_C5	2022	FALSE	REF	JU2141	Y82E9BL.18.2	0
JU2141	GZ_B10_D2_ECA3099	2022	TRUE	ALT	JU2141_edits	Y82E9BL.18.2	0.233457498562661
JU2141	GZ_B10_D8	2022	FALSE	REF	JU2141	Y82E9BL.18.2	0
JU2141	GZ_B10_E5_ECA3099	2022	TRUE	ALT	JU2141_edits	Y82E9BL.18.2	0
JU2141	GZ_B10_E6_ECA3100	2022	TRUE	ALT	JU2141_edits	Y82E9BL.18.2	0
JU2141	GZ_B10_G5	2022	FALSE	REF	JU2141	Y82E9BL.18.2	0
JU2141	GZ_B10_H2_ECA3099	2022	TRUE	ALT	JU2141_edits	Y82E9BL.18.2	0
JU2141	GZ_B10_H3_ECA3100	2022	TRUE	ALT	JU2141_edits	Y82E9BL.18.2	0
JU2141	GZ_B10_H8	2022	FALSE	REF	JU2141	Y82E9BL.18.2	0
JU2141	GZ_B2_A7	2017	FALSE	REF	JU2141	Y82E9BL.18.2	1.77657296183524
JU2141	GZ_B4_I1	2017	FALSE	REF	JU2141	Y82E9BL.18.2	0.911049436324252
JU2141	GZr_B2_D8	2017	FALSE	REF	JU2141	Y82E9BL.18.2	0.176539687414181
JU3144	GZ_B10_A2_ECA3096	2022	TRUE	ALT	JU3144_edits	Y82E9BL.18.2	0
JU3144	GZ_B10_A3_ECA3097	2022	TRUE	ALT	JU3144_edits	Y82E9BL.18.2	0
JU3144	GZ_B10_B5_ECA3096	2022	TRUE	ALT	JU3144_edits	Y82E9BL.18.2	0
JU3144	GZ_B10_C6	2022	FALSE	REF	JU3144	Y82E9BL.18.2	0
JU3144	GZ_B10_C8_ECA3096	2022	TRUE	ALT	JU3144_edits	Y82E9BL.18.2	0
JU3144	GZ_B10_C9_ECA3097	2022	TRUE	ALT	JU3144_edits	Y82E9BL.18.2	0
JU3144	GZ_B10_D9	2022	FALSE	REF	JU3144	Y82E9BL.18.2	0
JU3144	GZ_B10_F3	2022	FALSE	REF	JU3144	Y82E9BL.18.2	0
JU3144	GZ_B10_F6_ECA3097	2022	TRUE	ALT	JU3144_edits	Y82E9BL.18.2	0
JU3144	GZ_B10_G6	2022	FALSE	REF	JU3144	Y82E9BL.18.2	0
JU3144	GZ_B10_G8_ECA3096	2022	TRUE	ALT	JU3144_edits	Y82E9BL.18.2	0
JU3144	GZ_B10_G9_ECA3097	2022	TRUE	ALT	JU3144_edits	Y82E9BL.18.2	0
JU3144	GZ_B10_H9	2022	FALSE	REF	JU3144	Y82E9BL.18.2	0
JU3144	GZ_B2_F6	2017	FALSE	REF	JU3144	Y82E9BL.18.2	0
JU3144	GZ_B5_A2	2017	FALSE	REF	JU3144	Y82E9BL.18.2	0.742771415214259
JU642	GZ_B10_A9	2022	FALSE	ALT	JU642	Y82E9BL.18.2	1.05349613506311
JU642	GZ_B10_C1_ECA3101	2022	TRUE	REF	JU642_edits	Y82E9BL.18.2	1.00695361191437
JU642	GZ_B10_C2_ECA3102	2022	TRUE	REF	JU642_edits	Y82E9BL.18.2	1.13473636487378
JU642	GZ_B10_C3	2022	FALSE	ALT	JU642	Y82E9BL.18.2	0.911318817452526
JU642	GZ_B10_D4_ECA3101	2022	TRUE	REF	JU642_edits	Y82E9BL.18.2	0.921980217435249
JU642	GZ_B10_D5_ECA3102	2022	TRUE	REF	JU642_edits	Y82E9BL.18.2	1.48175970605083
JU642	GZ_B10_E8_ECA3102	2022	TRUE	REF	JU642_edits	Y82E9BL.18.2	1.47353848595674
JU642	GZ_B10_E9	2022	FALSE	ALT	JU642	Y82E9BL.18.2	0.692602365583057
JU642	GZ_B10_G1_ECA3101	2022	TRUE	REF	JU642_edits	Y82E9BL.18.2	0.818810692591023
JU642	GZ_B10_G2_ECA3102	2022	TRUE	REF	JU642_edits	Y82E9BL.18.2	0.814810835520419
JU642	GZ_B10_G3	2022	FALSE	ALT	JU642	Y82E9BL.18.2	1.21853140731052
JU642	GZ_B10_H4_ECA3101	2022	TRUE	REF	JU642_edits	Y82E9BL.18.2	0.949396204781936
JU642	GZ_B10_H5_ECA3102	2022	TRUE	REF	JU642_edits	Y82E9BL.18.2	1.12499879596421
JU642	GZ_B10_H6	2022	FALSE	ALT	JU642	Y82E9BL.18.2	1.12603455328033
JU642	GZ_B7_A6	2017	FALSE	ALT	JU642	Y82E9BL.18.2	0.716040202255144
JU642	GZ_B7_D2	2017	FALSE	ALT	JU642	Y82E9BL.18.2	0.653650704448958
JU642	GZr_B5_I2	2017	FALSE	ALT	JU642	Y82E9BL.18.2	0.498484696851545
JU2106	GZ_B10_A1_ECA3095	2022	TRUE	REF	JU2106_edits	ZK795.6	0.219290198101537
JU2106	GZ_B10_A4_ECA3098	2022	TRUE	REF	JU2106_edits	ZK795.6	0
JU2106	GZ_B10_B4_ECA3095	2022	TRUE	REF	JU2106_edits	ZK795.6	0.122989216002548
JU2106	GZ_B10_B7_ECA3098	2022	TRUE	REF	JU2106_edits	ZK795.6	0
JU2106	GZ_B10_C7_ECA3095	2022	TRUE	REF	JU2106_edits	ZK795.6	0
JU2106	GZ_B10_D1_ECA3098	2022	TRUE	REF	JU2106_edits	ZK795.6	0.588922461119664
JU2106	GZ_B10_D7	2022	FALSE	ALT	JU2106	ZK795.6	0
JU2106	GZ_B10_E1_ECA3095	2022	TRUE	REF	JU2106_edits	ZK795.6	0
JU2106	GZ_B10_E4_ECA3098	2022	TRUE	REF	JU2106_edits	ZK795.6	0
JU2106	GZ_B10_F1	2022	FALSE	ALT	JU2106	ZK795.6	0
JU2106	GZ_B10_F4_ECA3095	2022	TRUE	REF	JU2106_edits	ZK795.6	0
JU2106	GZ_B10_F7_ECA3098	2022	TRUE	REF	JU2106_edits	ZK795.6	0
JU2106	GZ_B10_G4	2022	FALSE	ALT	JU2106	ZK795.6	0
JU2106	GZ_B10_H1_ECA3098	2022	TRUE	REF	JU2106_edits	ZK795.6	0.3735967188284
JU2106	GZ_B10_H7	2022	FALSE	ALT	JU2106	ZK795.6	0.372054852488176
JU2106	GZ_B3_D9	2017	FALSE	ALT	JU2106	ZK795.6	0.169197689955066
JU2106	GZ_B5_B8	2017	FALSE	ALT	JU2106	ZK795.6	0.169099933321171
JU2106	GZr_B3_B5	2017	FALSE	ALT	JU2106	ZK795.6	0
JU2141	GZ_B10_A6_ECA3100	2022	TRUE	ALT	JU2141_edits	ZK795.6	0.91823942982162
JU2141	GZ_B10_B8_ECA3099	2022	TRUE	ALT	JU2141_edits	ZK795.6	1.27275635332629
JU2141	GZ_B10_B9_ECA3100	2022	TRUE	ALT	JU2141_edits	ZK795.6	2.60564140599985
JU2141	GZ_B10_C5	2022	FALSE	REF	JU2141	ZK795.6	2.79607136931371
JU2141	GZ_B10_D2_ECA3099	2022	TRUE	ALT	JU2141_edits	ZK795.6	2.00927695756629
JU2141	GZ_B10_D8	2022	FALSE	REF	JU2141	ZK795.6	1.2371518730688
JU2141	GZ_B10_E5_ECA3099	2022	TRUE	ALT	JU2141_edits	ZK795.6	1.66145474615711
JU2141	GZ_B10_E6_ECA3100	2022	TRUE	ALT	JU2141_edits	ZK795.6	0.565662231806919
JU2141	GZ_B10_G5	2022	FALSE	REF	JU2141	ZK795.6	2.85703152551344
JU2141	GZ_B10_H2_ECA3099	2022	TRUE	ALT	JU2141_edits	ZK795.6	1.06966229725186
JU2141	GZ_B10_H3_ECA3100	2022	TRUE	ALT	JU2141_edits	ZK795.6	0.951120186150613
JU2141	GZ_B10_H8	2022	FALSE	REF	JU2141	ZK795.6	0.865504053806421
JU2141	GZ_B2_A7	2017	FALSE	REF	JU2141	ZK795.6	2.42564434670667
JU2141	GZ_B4_I1	2017	FALSE	REF	JU2141	ZK795.6	1.85713199921939
JU2141	GZr_B2_D8	2017	FALSE	REF	JU2141	ZK795.6	1.67373634637702
JU3144	GZ_B10_A2_ECA3096	2022	TRUE	ALT	JU3144_edits	ZK795.6	4.81564175740742
JU3144	GZ_B10_A3_ECA3097	2022	TRUE	ALT	JU3144_edits	ZK795.6	8.65800250682174
JU3144	GZ_B10_B5_ECA3096	2022	TRUE	ALT	JU3144_edits	ZK795.6	1.17145766154001
JU3144	GZ_B10_C6	2022	FALSE	REF	JU3144	ZK795.6	1.34901338069454
JU3144	GZ_B10_C8_ECA3096	2022	TRUE	ALT	JU3144_edits	ZK795.6	0.607228480409684
JU3144	GZ_B10_C9_ECA3097	2022	TRUE	ALT	JU3144_edits	ZK795.6	0.574507128503844
JU3144	GZ_B10_D9	2022	FALSE	REF	JU3144	ZK795.6	0.977829417151154
JU3144	GZ_B10_F3	2022	FALSE	REF	JU3144	ZK795.6	0.516593168603234
JU3144	GZ_B10_F6_ECA3097	2022	TRUE	ALT	JU3144_edits	ZK795.6	0.828582402035193
JU3144	GZ_B10_G6	2022	FALSE	REF	JU3144	ZK795.6	1.43081782468458
JU3144	GZ_B10_G8_ECA3096	2022	TRUE	ALT	JU3144_edits	ZK795.6	1.07092890774883
JU3144	GZ_B10_G9_ECA3097	2022	TRUE	ALT	JU3144_edits	ZK795.6	3.07690425806203
JU3144	GZ_B10_H9	2022	FALSE	REF	JU3144	ZK795.6	3.14669655388541
JU3144	GZ_B2_F6	2017	FALSE	REF	JU3144	ZK795.6	2.74677514757719
JU3144	GZ_B5_A2	2017	FALSE	REF	JU3144	ZK795.6	1.85532560637509
JU642	GZ_B10_A9	2022	FALSE	ALT	JU642	ZK795.6	0.81278048855101
JU642	GZ_B10_C1_ECA3101	2022	TRUE	REF	JU642_edits	ZK795.6	0.122474517428717
JU642	GZ_B10_C2_ECA3102	2022	TRUE	REF	JU642_edits	ZK795.6	0.237692725804134
JU642	GZ_B10_C3	2022	FALSE	ALT	JU642	ZK795.6	0
JU642	GZ_B10_D4_ECA3101	2022	TRUE	REF	JU642_edits	ZK795.6	0.640533975710441
JU642	GZ_B10_D5_ECA3102	2022	TRUE	REF	JU642_edits	ZK795.6	0.438980683731806
JU642	GZ_B10_E8_ECA3102	2022	TRUE	REF	JU642_edits	ZK795.6	0.485147358944101
JU642	GZ_B10_E9	2022	FALSE	ALT	JU642	ZK795.6	0
JU642	GZ_B10_G1_ECA3101	2022	TRUE	REF	JU642_edits	ZK795.6	0.161242545615062
JU642	GZ_B10_G2_ECA3102	2022	TRUE	REF	JU642_edits	ZK795.6	0.115763320566323
JU642	GZ_B10_G3	2022	FALSE	ALT	JU642	ZK795.6	0.0911487744459366
JU642	GZ_B10_H4_ECA3101	2022	TRUE	REF	JU642_edits	ZK795.6	0
JU642	GZ_B10_H5_ECA3102	2022	TRUE	REF	JU642_edits	ZK795.6	0
JU642	GZ_B10_H6	2022	FALSE	ALT	JU642	ZK795.6	0
JU642	GZ_B7_A6	2017	FALSE	ALT	JU642	ZK795.6	0
JU642	GZ_B7_D2	2017	FALSE	ALT	JU642	ZK795.6	0.218076778440511
JU642	GZr_B5_I2	2017	FALSE	ALT	JU642	ZK795.6	0.630685221949938
