pPolB_sseqid	pPolB_mstart	strain	count	id	pPolB_mend	pPolB_ele	pPolB_strand	INT_sseqid	INT_mstart	INT_mend	INT_ele	INT_strand	TIR_sseqid	TIR_mstart	TIR_mend	TIR_ele	TIR_strand	MIN_N	pPolB_mstart1	pPolB_mend1	INT_mstart1	INT_mend1	TIR_mstart1	TIR_mend1	tir_length	tir_name	pPolB_count	pPolB_mstart2	pPolB_mend2	partil	eri67
CB4856.CP038187.1	1920107	CB4856	1	CB4856_1	1922169	pPolB	+	CB4856.CP038187.1	1916994.5	1918204	INT	+	NA	NA	NA	NA	NA	1915994.5	4112.5	6174.5	1000	2209.5	NA	NA	NA	CB4856.CP038187.1_NA	NA	NA	NA	NA	no
CB4856.CP038187.1	1932428	CB4856	2	CB4856_2	1936087	pPolB	+	CB4856.CP038187.1	1923249	1924457	INT	+	NA	NA	NA	NA	NA	1922249	10179	13838	1000	2208	NA	NA	NA	CB4856.CP038187.1_NA	NA	NA	NA	NA	no
CB4856.CP038187.1	10671257	CB4856	3	CB4856_3	10675524	pPolB	+	CB4856.CP038187.1	10659893	10661006	INT	+	CB4856.CP038187.1	10658990	10659733	TIR744	+	10658990	12267	16534	903	2016	0	743	743	CB4856.CP038187.1_10658990	NA	NA	NA	NA	no
CB4856.CP038187.1	10671257	CB4856	3	CB4856_3	10675524	pPolB	+	CB4856.CP038187.1	10659893	10661006	INT	+	CB4856.CP038187.1	10676431	10677174	TIR744	-	10658990	12267	16534	903	2016	17441	18184	743	CB4856.CP038187.1_10676431	NA	NA	NA	NA	no
CB4856.CP038187.1	13455425	CB4856	4	CB4856_4	13459792	pPolB	-	CB4856.CP038187.1	13468660	13469895	INT	-	CB4856.CP038187.1	13453778	13454661	TIR744	+	13453778	1647	6014	14882	16117	0	883	883	CB4856.CP038187.1_13453778	NA	NA	NA	NA	no
CB4856.CP038187.1	13455425	CB4856	4	CB4856_4	13459792	pPolB	-	CB4856.CP038187.1	13468660	13469895	INT	-	CB4856.CP038187.1	13470670	13471524	TIR744	-	13453778	1647	6014	14882	16117	16892	17746	854	CB4856.CP038187.1_13470670	NA	NA	NA	NA	no
CB4856.CP038188.1	1969521	CB4856	5	CB4856_5	1973042	pPolB	+	CB4856.CP038188.1	1959079	1960311	INT	+	NA	NA	NA	NA	NA	1958079	11442	14963	1000	2232	NA	NA	NA	CB4856.CP038188.1_NA	NA	NA	NA	NA	no
CB4856.CP038188.1	3039081	CB4856	6	CB4856_6	3042698	pPolB	+	CB4856.CP038188.1	3029882	3031096	INT	+	NA	NA	NA	NA	NA	3028882	10199	13816	1000	2214	NA	NA	NA	CB4856.CP038188.1_NA	NA	NA	NA	NA	no
CB4856.CP038190.1	17784537	CB4856	7	CB4856_7	17788154	pPolB	-	CB4856.CP038190.1	17796198	17797409	INT	-	NA	NA	NA	NA	NA	17783537	1000	4617	12661	13872	NA	NA	NA	CB4856.CP038190.1_NA	NA	NA	NA	NA	no
CB4856.CP038191.1	19588340	CB4856	8	CB4856_8	19591505	pPolB	+	CB4856.CP038191.1	19577250	19578494	INT	+	NA	NA	NA	NA	NA	19576250	12090	15255	1000	2244	NA	NA	NA	CB4856.CP038191.1_NA	NA	NA	NA	NA	no
CB4856.CP038192.1	17601621	CB4856	9	CB4856_9	17604826	pPolB	+	CB4856.CP038192.1	17591978	17593210	INT	+	CB4856.CP038192.1	17590488	17591084	TIR744	+	17590488	11133	14338	1490	2722	0	596	596	CB4856.CP038192.1_17590488	NA	NA	NA	NA	no
CB4856.CP038192.1	17601621	CB4856	9	CB4856_9	17604826	pPolB	+	CB4856.CP038192.1	17591978	17593210	INT	+	CB4856.CP038192.1	17605548	17605905	TIR744	-	17590488	11133	14338	1490	2722	15060	15417	357	CB4856.CP038192.1_17605548	NA	NA	NA	NA	no
DL238.tig00000012	4839733	DL238	1	DL238_1	4842938	pPolB	+	DL238.tig00000012	4830090	4831322	INT	+	DL238.tig00000012	4828597	4829196	TIR744	+	4828597	11136	14341	1493	2725	0	599	599	DL238.tig00000012_4828597	NA	NA	NA	NA	no
DL238.tig00000012	4839733	DL238	1	DL238_1	4842938	pPolB	+	DL238.tig00000012	4830090	4831322	INT	+	DL238.tig00000012	4843660	4844017	TIR744	-	4828597	11136	14341	1493	2725	15063	15420	357	DL238.tig00000012_4843660	NA	NA	NA	NA	no
DL238.tig00000070	1700840	DL238	2	DL238_2	1705108	pPolB	-	DL238.tig00000070	1715821	1716947	INT	-	DL238.tig00000070	1699192	1699933	TIR744	+	1699192	1648	5916	16629	17755	0	741	741	DL238.tig00000070_1699192	NA	NA	NA	NA	no
DL238.tig00000114	611806	DL238	3	DL238_3	616149	pPolB	-	DL238.tig00000114	625017	626252	INT	-	DL238.tig00000114	610180	611042	TIR744	+	610180	1626	5969	14837	16072	0	862	862	DL238.tig00000114_610180	NA	NA	NA	NA	no
DL238.tig00000114	611806	DL238	3	DL238_3	616149	pPolB	-	DL238.tig00000114	625017	626252	INT	-	DL238.tig00000114	627027	627881	TIR744	-	610180	1626	5969	14837	16072	16847	17701	854	DL238.tig00000114_627027	NA	NA	NA	NA	no
DL238.tig00000138	2205297	DL238	4	DL238_4	2209564	pPolB	-	DL238.tig00000138	2218610	2219723	INT	-	DL238.tig00000138	2203647	2204390	TIR744	+	2203647	1650	5917	14963	16076	0	743	743	DL238.tig00000138_2203647	NA	NA	NA	NA	no
DL238.tig00000138	2205297	DL238	4	DL238_4	2209564	pPolB	-	DL238.tig00000138	2218610	2219723	INT	-	DL238.tig00000138	2219883	2220626	TIR744	-	2203647	1650	5917	14963	16076	16236	16979	743	DL238.tig00000138_2219883	NA	NA	NA	NA	no
DL238.tig00000371	729366	DL238	5	DL238_5	732983	pPolB	-	DL238.tig00000371	741072	742337	INT	-	NA	NA	NA	NA	NA	728366	1000	4617	12706	13971	NA	NA	NA	DL238.tig00000371_NA	NA	NA	NA	NA	no
DL238.tig00047302	1770367	DL238	6	DL238_6	1773969	pPolB	-	DL238.tig00047302	1782133	1783344	INT	-	NA	NA	NA	NA	NA	1769367	1000	4602	12766	13977	NA	NA	NA	DL238.tig00047302_NA	NA	NA	NA	NA	no
ECA36.tig00000001	5822964	ECA36	1	ECA36_1	5826656	pPolB	+	ECA36.tig00000001	5812686	5813921	INT	+	NA	NA	NA	NA	NA	5811686	11278	14970	1000	2235	NA	NA	NA	ECA36.tig00000001_NA	NA	NA	NA	NA	no
ECA36.tig00000001	6980752	ECA36	2	ECA36_2	6985217	pPolB	+	ECA36.tig00000001	6970431	6971663	INT	+	ECA36.tig00000001	6968700	6969542	TIR744	+	6968700	12052	16517	1731	2963	0	842	842	ECA36.tig00000001_6968700	NA	NA	NA	NA	no
ECA36.tig00000001	6980752	ECA36	2	ECA36_2	6985217	pPolB	+	ECA36.tig00000001	6970431	6971663	INT	+	ECA36.tig00000001	6986057	6986837	TIR744	-	6968700	12052	16517	1731	2963	17357	18137	780	ECA36.tig00000001_6986057	NA	NA	NA	NA	no
ECA36.tig00000046	517108	ECA36	3	ECA36_3	520746	pPolB	-	ECA36.tig00000046	529556	530761	INT	-	NA	NA	NA	NA	NA	516108	1000	4638	13448	14653	NA	NA	NA	ECA36.tig00000046_NA	NA	NA	NA	NA	no
ECA36.tig00000093	1783515	ECA36	4	ECA36_4	1787180	pPolB	-	ECA36.tig00000093	1795427	1796653	INT	-	NA	NA	NA	NA	NA	1782515	1000	4665	12912	14138	NA	NA	NA	ECA36.tig00000093_NA	NA	NA	NA	NA	no
ECA36.tig00000236	1169231	ECA36	5	ECA36_5	1172866	pPolB	+	ECA36.tig00000236	1159114	1160328	INT	+	NA	NA	NA	NA	NA	1158114	11117	14752	1000	2214	NA	NA	NA	ECA36.tig00000236_NA	NA	NA	NA	NA	no
ECA36.tig00000259	746449	ECA36	6	ECA36_6	747326	pPolB	+	ECA36.tig00000259	744093	745325	INT	+	ECA36.tig00000259	742602	743198	TIR744	+	742602	3847	4724	1491	2723	0	596	596	ECA36.tig00000259_742602	NA	NA	NA	NA	no
ECA36.tig00000259	746449	ECA36	6	ECA36_6	747326	pPolB	+	ECA36.tig00000259	744093	745325	INT	+	ECA36.tig00000259	748046	748403	TIR744	-	742602	3847	4724	1491	2723	5444	5801	357	ECA36.tig00000259_748046	NA	NA	NA	NA	no
ECA36.tig00000342	143535	ECA36	7	ECA36_7	146427	pPolB	+	ECA36.tig00000342	140853	142085	INT	+	ECA36.tig00000342	140070	140812	TIR744	+	140070	3465	6357	783	2015	0	742	742	ECA36.tig00000342_140070	NA	NA	NA	NA	no
ECA36.tig00000342	143535	ECA36	7	ECA36_7	146427	pPolB	+	ECA36.tig00000342	140853	142085	INT	+	ECA36.tig00000342	147334	148076	TIR744	-	140070	3465	6357	783	2015	7264	8006	742	ECA36.tig00000342_147334	NA	NA	NA	NA	no
ECA36.tig00039581	1113341	ECA36	8	ECA36_8	1116957	pPolB	-	ECA36.tig00039581	1125052	1126272	INT	-	NA	NA	NA	NA	NA	1112341	1000	4616	12711	13931	NA	NA	NA	ECA36.tig00039581_NA	NA	NA	NA	NA	no
ECA396.tig00000008	658545	ECA396	1	ECA396_1	662813	pPolB	-	ECA396.tig00000008	677371	678603	INT	-	ECA396.tig00000008	656909	657651	TIR744	+	656909	1636	5904	20462	21694	0	742	742	ECA396.tig00000008_656909	NA	NA	NA	NA	no
ECA396.tig00000008	658545	ECA396	1	ECA396_1	662813	pPolB	-	ECA396.tig00000008	677371	678603	INT	-	ECA396.tig00000008	678644	679387	TIR744	-	656909	1636	5904	20462	21694	21735	22478	743	ECA396.tig00000008_678644	NA	NA	NA	NA	no
ECA396.tig00000010	1556834	ECA396	2	ECA396_2	1560272	pPolB	-	ECA396.tig00000010	1569923	1571167	INT	-	NA	NA	NA	NA	NA	1555834	1000	4438	14089	15333	NA	NA	NA	ECA396.tig00000010_NA	NA	NA	NA	NA	no
ECA396.tig00000061	2077700	ECA396	3	ECA396_3	2082079	pPolB	+	ECA396.tig00000061	2067546	2068742	INT	+	ECA396.tig00000061	2065661	2066307	TIR744	+	2065661	12039	16418	1885	3081	0	646	646	ECA396.tig00000061_2065661	NA	NA	NA	NA	no
ECA396.tig00000061	2077700	ECA396	3	ECA396_3	2082079	pPolB	+	ECA396.tig00000061	2067546	2068742	INT	+	ECA396.tig00000061	2082980	2083786	TIR744	-	2065661	12039	16418	1885	3081	17319	18125	806	ECA396.tig00000061_2082980	NA	NA	NA	NA	no
ECA396.tig00024762	477096	ECA396	4	ECA396_4	480936	pPolB	-	ECA396.tig00024762	489206	490438	INT	-	ECA396.tig00024762	476012	476376	TIR744	+	476012	1084	4924	13194	14426	0	364	364	ECA396.tig00024762_476012	NA	NA	NA	NA	no
ECA396.tig00024762	477096	ECA396	4	ECA396_4	480936	pPolB	-	ECA396.tig00024762	489206	490438	INT	-	ECA396.tig00024762	491332	491927	TIR744	-	476012	1084	4924	13194	14426	15320	15915	595	ECA396.tig00024762_491332	NA	NA	NA	NA	no
ECA396.tig00024762	625215	ECA396	5	ECA396_5	628850	pPolB	-	ECA396.tig00024762	636843	638063	INT	-	NA	NA	NA	NA	NA	624215	1000	4635	12628	13848	NA	NA	NA	ECA396.tig00024762_NA	NA	NA	NA	NA	no
ECA396.tig00061545	2383962	ECA396	6	ECA396_6	2388427	pPolB	+	ECA396.tig00061545	2373641	2374873	INT	+	ECA396.tig00061545	2371911	2372752	TIR744	+	2371911	12051	16516	1730	2962	0	841	841	ECA396.tig00061545_2371911	NA	NA	NA	NA	no
ECA396.tig00061545	2383962	ECA396	6	ECA396_6	2388427	pPolB	+	ECA396.tig00061545	2373641	2374873	INT	+	ECA396.tig00061545	2389267	2390046	TIR744	-	2371911	12051	16516	1730	2962	17356	18135	779	ECA396.tig00061545_2389267	NA	NA	NA	NA	no
ECA396.tig00061554	323131	ECA396	7	ECA396_7	327468	pPolB	+	ECA396.tig00061554	312327	313562	INT	+	ECA396.tig00061554	328237	329092	TIR744	-	310661	12470	16807	1666	2901	17576	18431	855	ECA396.tig00061554_328237	NA	NA	NA	NA	no
ECA396.tig00061554	323131	ECA396	7	ECA396_7	327468	pPolB	+	ECA396.tig00061554	312327	313562	INT	+	ECA396.tig00061554	310661	311507	TIR744	+	310661	12470	16807	1666	2901	0	846	846	ECA396.tig00061554_310661	NA	NA	NA	NA	no
EG4725.tig00000059	4159741	EG4725	1	EG4725_1	4163373	pPolB	-	EG4725.tig00000059	4149495	4150715	INT	-	NA	NA	NA	NA	NA	4148495	11246	14878	1000	2220	NA	NA	NA	EG4725.tig00000059_NA	NA	NA	NA	NA	no
EG4725.tig00000158	2946743	EG4725	2	EG4725_2	2949948	pPolB	-	EG4725.tig00000158	2937082	2938314	INT	-	EG4725.tig00000158	2935588	2936186	TIR744	-	2935588	11155	14360	1494	2726	0	598	598	EG4725.tig00000158_2935588	NA	NA	NA	NA	no
EG4725.tig00000158	2946743	EG4725	2	EG4725_2	2949948	pPolB	-	EG4725.tig00000158	2937082	2938314	INT	-	EG4725.tig00000158	2950670	2951027	TIR744	+	2935588	11155	14360	1494	2726	15082	15439	357	EG4725.tig00000158_2950670	NA	NA	NA	NA	no
EG4725.tig00000529	662973	EG4725	3	EG4725_3	667239	pPolB	+	EG4725.tig00000529	676748	677861	INT	+	EG4725.tig00000529	661323	662066	TIR744	-	661323	1650	5916	15425	16538	0	743	743	EG4725.tig00000529_661323	NA	NA	NA	NA	no
EG4725.tig00000529	662973	EG4725	3	EG4725_3	667239	pPolB	+	EG4725.tig00000529	676748	677861	INT	+	EG4725.tig00000529	678021	678764	TIR744	+	661323	1650	5916	15425	16538	16698	17441	743	EG4725.tig00000529_678021	NA	NA	NA	NA	no
EG4725.tig00008743	1514134	EG4725	4	EG4725_4	1518447	pPolB	+	EG4725.tig00008743	1527379	1528614	INT	+	EG4725.tig00008743	1512530	1513370	TIR744	-	1512530	1604	5917	14849	16084	0	840	840	EG4725.tig00008743_1512530	NA	NA	NA	NA	no
EG4725.tig00008743	1514134	EG4725	4	EG4725_4	1518447	pPolB	+	EG4725.tig00008743	1527379	1528614	INT	+	EG4725.tig00008743	1529386	1530240	TIR744	+	1512530	1604	5917	14849	16084	16856	17710	854	EG4725.tig00008743_1529386	NA	NA	NA	NA	no
EG4725.tig00008745	33204	EG4725	5	EG4725_5	37589	pPolB	-	EG4725.tig00008745	22170	23405	INT	-	EG4725.tig00008745	20325	21136	TIR744	-	20325	12879	17264	1845	3080	0	811	811	EG4725.tig00008745_20325	NA	NA	NA	NA	no
EG4725.tig00008745	33204	EG4725	5	EG4725_5	37589	pPolB	-	EG4725.tig00008745	22170	23405	INT	-	EG4725.tig00008745	38353	39164	TIR744	+	20325	12879	17264	1845	3080	18028	18839	811	EG4725.tig00008745_38353	NA	NA	NA	NA	no
JU1400.tig00000010	4831720	JU1400	1	JU1400_1	4834925	pPolB	-	JU1400.tig00000010	4822058	4823290	INT	-	JU1400.tig00000010	4820566	4821162	TIR744	-	4820566	11154	14359	1492	2724	0	596	596	JU1400.tig00000010_4820566	NA	NA	NA	NA	no
JU1400.tig00000010	4831720	JU1400	1	JU1400_1	4834925	pPolB	-	JU1400.tig00000010	4822058	4823290	INT	-	JU1400.tig00000010	4835642	4835999	TIR744	+	4820566	11154	14359	1492	2724	15076	15433	357	JU1400.tig00000010_4835642	NA	NA	NA	NA	no
JU1400.tig00000013	640268	JU1400	2	JU1400_2	643255	pPolB	+	JU1400.tig00000013	644240	645460	INT	+	NA	NA	NA	NA	NA	639268	1000	3987	4972	6192	NA	NA	NA	JU1400.tig00000013_NA	NA	NA	NA	NA	no
JU1400.tig00000013	2071725	JU1400	3	JU1400_3	2076068	pPolB	-	JU1400.tig00000013	2061622	2062857	INT	-	JU1400.tig00000013	2059993	2060847	TIR744	-	2059993	11732	16075	1629	2864	0	854	854	JU1400.tig00000013_2059993	NA	NA	NA	NA	no
JU1400.tig00000013	2071725	JU1400	3	JU1400_3	2076068	pPolB	-	JU1400.tig00000013	2061622	2062857	INT	-	JU1400.tig00000013	2076832	2077716	TIR744	+	2059993	11732	16075	1629	2864	16839	17723	884	JU1400.tig00000013_2076832	NA	NA	NA	NA	no
JU1400.tig00000049	525037	JU1400	4	JU1400_4	528678	pPolB	+	JU1400.tig00000049	536130	537350	INT	+	NA	NA	NA	NA	NA	524037	1000	4641	12093	13313	NA	NA	NA	JU1400.tig00000049_NA	NA	NA	NA	NA	no
JU1400.tig00000049	538822	JU1400	5	JU1400_5	539877	pPolB	-	JU1400.tig00000049	536130	537350	INT	+	NA	NA	NA	NA	NA	535130	3692	4747	1000	2220	NA	NA	NA	JU1400.tig00000049_NA	NA	NA	NA	NA	no
JU1400.tig00000241	643066	JU1400	6	JU1400_6	647333	pPolB	+	JU1400.tig00000241	656226	657317	INT	+	JU1400.tig00000241	641416	642159	TIR744	-	641416	1650	5917	14810	15901	0	743	743	JU1400.tig00000241_641416	NA	NA	NA	NA	no
JU1400.tig00000241	643066	JU1400	6	JU1400_6	647333	pPolB	+	JU1400.tig00000241	656226	657317	INT	+	JU1400.tig00000241	657486	658229	TIR744	+	641416	1650	5917	14810	15901	16070	16813	743	JU1400.tig00000241_657486	NA	NA	NA	NA	no
JU2526.tig00000014	2852240	JU2526	1	JU2526_1	2855908	pPolB	-	JU2526.tig00000014	2842008	2843228	INT	-	NA	NA	NA	NA	NA	2841008	11232	14900	1000	2220	NA	NA	NA	JU2526.tig00000014_NA	NA	NA	NA	NA	no
JU2526.tig00000075	1047619	JU2526	2	JU2526_2	1051932	pPolB	+	JU2526.tig00000075	1060864	1062099	INT	+	JU2526.tig00000075	1046015	1046855	TIR744	-	1046015	1604	5917	14849	16084	0	840	840	JU2526.tig00000075_1046015	NA	NA	NA	NA	no
JU2526.tig00000075	1047619	JU2526	2	JU2526_2	1051932	pPolB	+	JU2526.tig00000075	1060864	1062099	INT	+	JU2526.tig00000075	1062871	1063725	TIR744	+	1046015	1604	5917	14849	16084	16856	17710	854	JU2526.tig00000075_1062871	NA	NA	NA	NA	no
JU2526.tig00000075	3118892	JU2526	3	JU2526_3	3123277	pPolB	-	JU2526.tig00000075	3107858	3109093	INT	-	JU2526.tig00000075	3106013	3106824	TIR744	-	3106013	12879	17264	1845	3080	0	811	811	JU2526.tig00000075_3106013	NA	NA	NA	NA	no
JU2526.tig00000075	3118892	JU2526	3	JU2526_3	3123277	pPolB	-	JU2526.tig00000075	3107858	3109093	INT	-	JU2526.tig00000075	3124041	3124852	TIR744	+	3106013	12879	17264	1845	3080	18028	18839	811	JU2526.tig00000075_3124041	NA	NA	NA	NA	no
JU2526.tig00000183	195545	JU2526	4	JU2526_4	198750	pPolB	+	JU2526.tig00000183	207180	208412	INT	+	JU2526.tig00000183	194464	194828	TIR744	-	194464	1081	4286	12716	13948	0	364	364	JU2526.tig00000183_194464	NA	NA	NA	NA	no
JU2526.tig00000183	195545	JU2526	4	JU2526_4	198750	pPolB	+	JU2526.tig00000183	207180	208412	INT	+	JU2526.tig00000183	209308	209899	TIR744	+	194464	1081	4286	12716	13948	14844	15435	591	JU2526.tig00000183_209308	NA	NA	NA	NA	no
JU2526.tig00000195	1407076	JU2526	5	JU2526_5	1411023	pPolB	-	JU2526.tig00000195	1390384	1392735	INT	-	NA	NA	NA	NA	NA	1389384	17692	21639	1000	3351	NA	NA	NA	JU2526.tig00000195_NA	NA	NA	NA	NA	no
JU2526.tig00000293	319214	JU2526	6	JU2526_6	322735	pPolB	-	JU2526.tig00000293	309125	310360	INT	-	NA	NA	NA	NA	NA	308125	11089	14610	1000	2235	NA	NA	NA	JU2526.tig00000293_NA	NA	NA	NA	NA	no
JU2526.tig00000293	434773	JU2526	7	JU2526_7	438294	pPolB	-	JU2526.tig00000293	424668	425903	INT	-	NA	NA	NA	NA	NA	423668	11105	14626	1000	2235	NA	NA	NA	JU2526.tig00000293_NA	NA	NA	NA	NA	no
JU2526.tig00017551	497155	JU2526	8	JU2526_8	501421	pPolB	+	JU2526.tig00017551	510930	512043	INT	+	JU2526.tig00017551	495505	496248	TIR744	-	495505	1650	5916	15425	16538	0	743	743	JU2526.tig00017551_495505	NA	NA	NA	NA	no
JU2526.tig00017551	497155	JU2526	8	JU2526_8	501421	pPolB	+	JU2526.tig00017551	510930	512043	INT	+	JU2526.tig00017551	512203	512946	TIR744	+	495505	1650	5916	15425	16538	16698	17441	743	JU2526.tig00017551_512203	NA	NA	NA	NA	no
JU2600.tig00000019	2646239	JU2600	1	JU2600_1	2649931	pPolB	+	JU2600.tig00000019	2636151	2637386	INT	+	NA	NA	NA	NA	NA	2635151	11088	14780	1000	2235	NA	NA	NA	JU2600.tig00000019_NA	NA	NA	NA	NA	no
JU2600.tig00000040	2058271	JU2600	2	JU2600_2	2062584	pPolB	+	JU2600.tig00000040	2048104	2049339	INT	+	JU2600.tig00000040	2046478	2047332	TIR744	+	2046478	11793	16106	1626	2861	0	854	854	JU2600.tig00000040_2046478	NA	NA	NA	NA	no
JU2600.tig00000040	2058271	JU2600	2	JU2600_2	2062584	pPolB	+	JU2600.tig00000040	2048104	2049339	INT	+	JU2600.tig00000040	2063348	2064188	TIR744	-	2046478	11793	16106	1626	2861	16870	17710	840	JU2600.tig00000040_2063348	NA	NA	NA	NA	no
JU2600.tig00000091	341742	JU2600	3	JU2600_3	345383	pPolB	-	JU2600.tig00000091	352832	354052	INT	-	NA	NA	NA	NA	NA	340742	1000	4641	12090	13310	NA	NA	NA	JU2600.tig00000091_NA	NA	NA	NA	NA	no
JU2600.tig00000091	355524	JU2600	4	JU2600_4	356579	pPolB	+	JU2600.tig00000091	352832	354052	INT	-	NA	NA	NA	NA	NA	351832	3692	4747	1000	2220	NA	NA	NA	JU2600.tig00000091_NA	NA	NA	NA	NA	no
JU2600.tig00000179	969972	JU2600	5	JU2600_5	973574	pPolB	-	JU2600.tig00000179	981625	982845	INT	-	NA	NA	NA	NA	NA	968972	1000	4602	12653	13873	NA	NA	NA	JU2600.tig00000179_NA	NA	NA	NA	NA	no
JU2600.tig00000231	1489408	JU2600	6	JU2600_6	1492613	pPolB	+	JU2600.tig00000231	1479746	1480978	INT	+	JU2600.tig00000231	1478251	1478849	TIR744	+	1478251	11157	14362	1495	2727	0	598	598	JU2600.tig00000231_1478251	NA	NA	NA	NA	no
JU2600.tig00000231	1489408	JU2600	6	JU2600_6	1492613	pPolB	+	JU2600.tig00000231	1479746	1480978	INT	+	JU2600.tig00000231	1493330	1493687	TIR744	-	1478251	11157	14362	1495	2727	15079	15436	357	JU2600.tig00000231_1493330	NA	NA	NA	NA	no
JU2600.tig00000396	152492	JU2600	7	JU2600_7	156758	pPolB	+	JU2600.tig00000396	142020	143133	INT	+	JU2600.tig00000396	141117	141860	TIR744	+	141117	11375	15641	903	2016	0	743	743	JU2600.tig00000396_141117	NA	NA	NA	NA	no
JU2600.tig00000396	152492	JU2600	7	JU2600_7	156758	pPolB	+	JU2600.tig00000396	142020	143133	INT	+	JU2600.tig00000396	157665	158408	TIR744	-	141117	11375	15641	903	2016	16548	17291	743	JU2600.tig00000396_157665	NA	NA	NA	NA	no
JU310.tig00000076	14845	JU310	1	JU310_1	19230	pPolB	-	JU310.tig00000076	3812	5046	INT	-	JU310.tig00000076	1975	2785	TIR744	-	1975	12870	17255	1837	3071	0	810	810	JU310.tig00000076_1975	NA	NA	NA	NA	no
JU310.tig00000076	14845	JU310	1	JU310_1	19230	pPolB	-	JU310.tig00000076	3812	5046	INT	-	JU310.tig00000076	19994	20805	TIR744	+	1975	12870	17255	1837	3071	18019	18830	811	JU310.tig00000076_19994	NA	NA	NA	NA	no
JU310.tig00000112	3587142	JU310	2	JU310_2	3590744	pPolB	-	JU310.tig00000112	3577879	3579093	INT	-	NA	NA	NA	NA	NA	3576879	10263	13865	1000	2214	NA	NA	NA	JU310.tig00000112_NA	NA	NA	NA	NA	no
JU310.tig00000198	195256	JU310	3	JU310_3	198461	pPolB	+	JU310.tig00000198	206890	208122	INT	+	JU310.tig00000198	194170	194534	TIR744	-	194170	1086	4291	12720	13952	0	364	364	JU310.tig00000198_194170	NA	NA	NA	NA	no
JU310.tig00000198	195256	JU310	3	JU310_3	198461	pPolB	+	JU310.tig00000198	206890	208122	INT	+	JU310.tig00000198	209018	209607	TIR744	+	194170	1086	4291	12720	13952	14848	15437	589	JU310.tig00000198_209018	NA	NA	NA	NA	no
JU310.tig00000525	128659	JU310	4	JU310_4	133074	pPolB	-	JU310.tig00000525	118080	119315	INT	-	NA	NA	NA	NA	NA	117080	11579	15994	1000	2235	NA	NA	NA	JU310.tig00000525_NA	NA	NA	NA	NA	no
JU310.tig00005340	4758975	JU310	5	JU310_5	4763288	pPolB	-	JU310.tig00005340	4748805	4750040	INT	-	JU310.tig00005340	4747179	4748033	TIR744	-	4747179	11796	16109	1626	2861	0	854	854	JU310.tig00005340_4747179	NA	NA	NA	NA	no
JU310.tig00005340	4758975	JU310	5	JU310_5	4763288	pPolB	-	JU310.tig00005340	4748805	4750040	INT	-	JU310.tig00005340	4764052	4764892	TIR744	+	4747179	11796	16109	1626	2861	16873	17713	840	JU310.tig00005340_4764052	NA	NA	NA	NA	no
JU310.tig00005346	680127	JU310	6	JU310_6	684394	pPolB	+	JU310.tig00005346	693287	694378	INT	+	JU310.tig00005346	678477	679220	TIR744	-	678477	1650	5917	14810	15901	0	743	743	JU310.tig00005346_678477	NA	NA	NA	NA	no
JU310.tig00005346	680127	JU310	6	JU310_6	684394	pPolB	+	JU310.tig00005346	693287	694378	INT	+	JU310.tig00005346	694547	695290	TIR744	+	678477	1650	5917	14810	15901	16070	16813	743	JU310.tig00005346_694547	NA	NA	NA	NA	no
JU310.tig00005350	67603	JU310	7	JU310_7	71988	pPolB	-	JU310.tig00005350	56570	57805	INT	-	JU310.tig00005350	54739	55536	TIR744	-	54739	12864	17249	1831	3066	0	797	797	JU310.tig00005350_54739	NA	NA	NA	NA	no
JU310.tig00005350	67603	JU310	7	JU310_7	71988	pPolB	-	JU310.tig00005350	56570	57805	INT	-	JU310.tig00005350	72752	73563	TIR744	+	54739	12864	17249	1831	3066	18013	18824	811	JU310.tig00005350_72752	NA	NA	NA	NA	no
JU310.tig00005351	18380	JU310	8	JU310_8	22765	pPolB	-	JU310.tig00005351	7346	8581	INT	-	JU310.tig00005351	5506	6316	TIR744	-	5506	12874	17259	1840	3075	0	810	810	JU310.tig00005351_5506	NA	NA	NA	NA	no
JU310.tig00005351	18380	JU310	8	JU310_8	22765	pPolB	-	JU310.tig00005351	7346	8581	INT	-	JU310.tig00005351	23529	24340	TIR744	+	5506	12874	17259	1840	3075	18023	18834	811	JU310.tig00005351_23529	NA	NA	NA	NA	no
MY2147.tig00000001	2026314	MY2147	1	MY2147_1	2030627	pPolB	+	MY2147.tig00000001	2016147	2017382	INT	+	MY2147.tig00000001	2014521	2015375	TIR744	+	2014521	11793	16106	1626	2861	0	854	854	MY2147.tig00000001_2014521	NA	NA	NA	NA	no
MY2147.tig00000001	2026314	MY2147	1	MY2147_1	2030627	pPolB	+	MY2147.tig00000001	2016147	2017382	INT	+	MY2147.tig00000001	2031391	2032231	TIR744	-	2014521	11793	16106	1626	2861	16870	17710	840	MY2147.tig00000001_2031391	NA	NA	NA	NA	no
MY2147.tig00000103	470320	MY2147	2	MY2147_2	473525	pPolB	-	MY2147.tig00000103	482610	483842	INT	-	MY2147.tig00000103	469239	469603	TIR744	+	469239	1081	4286	13371	14603	0	364	364	MY2147.tig00000103_469239	NA	NA	NA	NA	no
MY2147.tig00000103	470320	MY2147	2	MY2147_2	473525	pPolB	-	MY2147.tig00000103	482610	483842	INT	-	MY2147.tig00000103	484737	485326	TIR744	-	469239	1081	4286	13371	14603	15498	16087	589	MY2147.tig00000103_484737	NA	NA	NA	NA	no
MY2147.tig00000230	140863	MY2147	3	MY2147_3	145130	pPolB	+	MY2147.tig00000230	130882	131973	INT	+	MY2147.tig00000230	129970	130713	TIR744	+	129970	10893	15160	912	2003	0	743	743	MY2147.tig00000230_129970	NA	NA	NA	NA	no
MY2147.tig00000230	140863	MY2147	3	MY2147_3	145130	pPolB	+	MY2147.tig00000230	130882	131973	INT	+	MY2147.tig00000230	146037	146780	TIR744	-	129970	10893	15160	912	2003	16067	16810	743	MY2147.tig00000230_146037	NA	NA	NA	NA	no
MY2693.tig00000004	138559	MY2693	1	MY2693_1	142826	pPolB	-	MY2693.tig00000004	128578	129669	INT	-	MY2693.tig00000004	127666	128409	TIR744	-	127666	10893	15160	912	2003	0	743	743	MY2693.tig00000004_127666	NA	NA	NA	NA	no
MY2693.tig00000004	138559	MY2693	1	MY2693_1	142826	pPolB	-	MY2693.tig00000004	128578	129669	INT	-	MY2693.tig00000004	143733	144476	TIR744	+	127666	10893	15160	912	2003	16067	16810	743	MY2693.tig00000004_143733	NA	NA	NA	NA	no
MY2693.tig00000004	2922233	MY2693	2	MY2693_2	2926546	pPolB	+	MY2693.tig00000004	2935478	2936713	INT	+	MY2693.tig00000004	2920629	2921469	TIR744	-	2920629	1604	5917	14849	16084	0	840	840	MY2693.tig00000004_2920629	NA	NA	NA	NA	no
MY2693.tig00000004	2922233	MY2693	2	MY2693_2	2926546	pPolB	+	MY2693.tig00000004	2935478	2936713	INT	+	MY2693.tig00000004	2937485	2938339	TIR744	+	2920629	1604	5917	14849	16084	16856	17710	854	MY2693.tig00000004_2937485	NA	NA	NA	NA	no
MY2693.tig00000040	505228	MY2693	3	MY2693_3	508433	pPolB	+	MY2693.tig00000040	516863	518095	INT	+	MY2693.tig00000040	504147	504511	TIR744	-	504147	1081	4286	12716	13948	0	364	364	MY2693.tig00000040_504147	NA	NA	NA	NA	no
MY2693.tig00000040	505228	MY2693	3	MY2693_3	508433	pPolB	+	MY2693.tig00000040	516863	518095	INT	+	MY2693.tig00000040	518991	519581	TIR744	+	504147	1081	4286	12716	13948	14844	15434	590	MY2693.tig00000040_518991	NA	NA	NA	NA	no
N2.I	10313743	N2	1	N2_1	10318007	pPolB	+	N2.I	10303419	10304532	INT	+	N2.I	10302516	10303259	TIR744	+	10302516	11227	15491	903	2016	0	743	743	N2.I_10302516	NA	NA	NA	NA	no
N2.I	10313743	N2	1	N2_1	10318007	pPolB	+	N2.I	10303419	10304532	INT	+	N2.I	10318914	10319657	TIR744	-	10302516	11227	15491	903	2016	16398	17141	743	N2.I_10318914	NA	NA	NA	NA	no
N2.I	13086696	N2	2	N2_2	13091009	pPolB	-	N2.I	13099941	13101176	INT	-	N2.I	13085092	13085932	TIR744	+	13085092	1604	5917	14849	16084	0	840	840	N2.I_13085092	NA	NA	NA	NA	no
N2.I	13086696	N2	2	N2_2	13091009	pPolB	-	N2.I	13099941	13101176	INT	-	N2.I	13101948	13102802	TIR744	-	13085092	1604	5917	14849	16084	16856	17710	854	N2.I_13101948	NA	NA	NA	NA	no
N2.X	17266740	N2	3	N2_3	17269945	pPolB	+	N2.X	17257097	17258329	INT	+	N2.X	17255606	17256203	TIR744	+	17255606	11134	14339	1491	2723	0	597	597	N2.X_17255606	NA	NA	NA	NA	no
N2.X	17266740	N2	3	N2_3	17269945	pPolB	+	N2.X	17257097	17258329	INT	+	N2.X	17270667	17271024	TIR744	-	17255606	11134	14339	1491	2723	15061	15418	357	N2.X_17270667	NA	NA	NA	NA	no
NIC2.tig00000022	3674169	NIC2	1	NIC2_1	3675224	pPolB	-	NIC2.tig00000022	3676696	3677916	INT	+	NA	NA	NA	NA	NA	3673169	1000	2055	3527	4747	NA	NA	NA	NIC2.tig00000022_NA	NA	NA	NA	NA	no
NIC2.tig00000022	3685356	NIC2	2	NIC2_2	3688997	pPolB	+	NIC2.tig00000022	3676696	3677916	INT	+	NA	NA	NA	NA	NA	3675696	9660	13301	1000	2220	NA	NA	NA	NIC2.tig00000022_NA	NA	NA	NA	NA	no
NIC2.tig00000126	461816	NIC2	3	NIC2_3	465021	pPolB	-	NIC2.tig00000126	473305	474537	INT	-	NIC2.tig00000126	460730	461094	TIR744	+	460730	1086	4291	12575	13807	0	364	364	NIC2.tig00000126_460730	NA	NA	NA	NA	no
NIC2.tig00000126	461816	NIC2	3	NIC2_3	465021	pPolB	-	NIC2.tig00000126	473305	474537	INT	-	NIC2.tig00000126	475433	476025	TIR744	-	460730	1086	4291	12575	13807	14703	15295	592	NIC2.tig00000126_475433	NA	NA	NA	NA	no
NIC2.tig00000159	1163075	NIC2	4	NIC2_4	1166737	pPolB	-	NIC2.tig00000159	1174780	1175994	INT	-	NA	NA	NA	NA	NA	1162075	1000	4662	12705	13919	NA	NA	NA	NIC2.tig00000159_NA	NA	NA	NA	NA	no
NIC2.tig00000209	64625	NIC2	5	NIC2_5	68891	pPolB	+	NIC2.tig00000209	53997	55110	INT	+	NIC2.tig00000209	53094	53837	TIR744	+	53094	11531	15797	903	2016	0	743	743	NIC2.tig00000209_53094	NA	NA	NA	NA	no
NIC2.tig00000209	64625	NIC2	5	NIC2_5	68891	pPolB	+	NIC2.tig00000209	53997	55110	INT	+	NIC2.tig00000209	69798	70541	TIR744	-	53094	11531	15797	903	2016	16704	17447	743	NIC2.tig00000209_69798	NA	NA	NA	NA	no
NIC2.tig00006655	2160374	NIC2	6	NIC2_6	2164687	pPolB	-	NIC2.tig00006655	2173619	2174854	INT	-	NIC2.tig00006655	2158770	2159610	TIR744	+	2158770	1604	5917	14849	16084	0	840	840	NIC2.tig00006655_2158770	NA	NA	NA	NA	no
NIC2.tig00006655	2160374	NIC2	6	NIC2_6	2164687	pPolB	-	NIC2.tig00006655	2173619	2174854	INT	-	NIC2.tig00006655	2175626	2176480	TIR744	-	2158770	1604	5917	14849	16084	16856	17710	854	NIC2.tig00006655_2175626	NA	NA	NA	NA	no
NIC2.tig00006657	23931	NIC2	7	NIC2_7	28316	pPolB	+	NIC2.tig00006657	12897	14132	INT	+	NIC2.tig00006657	11052	11863	TIR744	+	11052	12879	17264	1845	3080	0	811	811	NIC2.tig00006657_11052	NA	NA	NA	NA	no
NIC2.tig00006657	23931	NIC2	7	NIC2_7	28316	pPolB	+	NIC2.tig00006657	12897	14132	INT	+	NIC2.tig00006657	29080	29891	TIR744	-	11052	12879	17264	1845	3080	18028	18839	811	NIC2.tig00006657_29080	NA	NA	NA	NA	no
NIC526.tig00000009	3086313	NIC526	1	NIC526_1	3090626	pPolB	-	NIC526.tig00000009	3099534	3100769	INT	-	NIC526.tig00000009	3084709	3085549	TIR744	+	3084709	1604	5917	14825	16060	0	840	840	NIC526.tig00000009_3084709	NA	NA	NA	NA	no
NIC526.tig00000009	3086313	NIC526	1	NIC526_1	3090626	pPolB	-	NIC526.tig00000009	3099534	3100769	INT	-	NIC526.tig00000009	3101541	3102395	TIR744	-	3084709	1604	5917	14825	16060	16832	17686	854	NIC526.tig00000009_3101541	NA	NA	NA	NA	no
NIC526.tig00000016	125441	NIC526	2	NIC526_2	129708	pPolB	+	NIC526.tig00000016	115460	116551	INT	+	NIC526.tig00000016	114548	115291	TIR744	+	114548	10893	15160	912	2003	0	743	743	NIC526.tig00000016_114548	NA	NA	NA	NA	no
NIC526.tig00000016	125441	NIC526	2	NIC526_2	129708	pPolB	+	NIC526.tig00000016	115460	116551	INT	+	NIC526.tig00000016	130615	131358	TIR744	-	114548	10893	15160	912	2003	16067	16810	743	NIC526.tig00000016_130615	NA	NA	NA	NA	no
NIC526.tig00000109	193304	NIC526	3	NIC526_3	196509	pPolB	-	NIC526.tig00000109	204938	206170	INT	-	NIC526.tig00000109	192218	192582	TIR744	+	192218	1086	4291	12720	13952	0	364	364	NIC526.tig00000109_192218	NA	NA	NA	NA	no
NIC526.tig00000109	193304	NIC526	3	NIC526_3	196509	pPolB	-	NIC526.tig00000109	204938	206170	INT	-	NIC526.tig00000109	207066	207657	TIR744	-	192218	1086	4291	12720	13952	14848	15439	591	NIC526.tig00000109_207066	NA	NA	NA	NA	no
QX1794.tig00000049	641909	QX1794	1	QX1794_1	644896	pPolB	-	QX1794.tig00000049	645881	647101	INT	-	NA	NA	NA	NA	NA	640909	1000	3987	4972	6192	NA	NA	NA	QX1794.tig00000049_NA	NA	NA	NA	NA	no
QX1794.tig00000049	2109279	QX1794	2	QX1794_2	2113543	pPolB	+	QX1794.tig00000049	2099220	2100347	INT	+	QX1794.tig00000049	2097593	2098447	TIR744	+	2097593	11686	15950	1627	2754	0	854	854	QX1794.tig00000049_2097593	NA	NA	NA	NA	no
QX1794.tig00000049	2109279	QX1794	2	QX1794_2	2113543	pPolB	+	QX1794.tig00000049	2099220	2100347	INT	+	QX1794.tig00000049	2114307	2115169	TIR744	-	2097593	11686	15950	1627	2754	16714	17576	862	QX1794.tig00000049_2114307	NA	NA	NA	NA	no
QX1794.tig00000065	1809295	QX1794	3	QX1794_3	1812733	pPolB	-	QX1794.tig00000065	1822388	1823632	INT	-	NA	NA	NA	NA	NA	1808295	1000	4438	14093	15337	NA	NA	NA	QX1794.tig00000065_NA	NA	NA	NA	NA	no
QX1794.tig00000087	482267	QX1794	4	QX1794_4	485472	pPolB	-	QX1794.tig00000087	493877	495109	INT	-	QX1794.tig00000087	481186	481550	TIR744	+	481186	1081	4286	12691	13923	0	364	364	QX1794.tig00000087_481186	NA	NA	NA	NA	no
QX1794.tig00000087	482267	QX1794	4	QX1794_4	485472	pPolB	-	QX1794.tig00000087	493877	495109	INT	-	QX1794.tig00000087	496005	496596	TIR744	-	481186	1081	4286	12691	13923	14819	15410	591	QX1794.tig00000087_496005	NA	NA	NA	NA	no
QX1794.tig00000192	1016477	QX1794	5	QX1794_5	1020890	pPolB	-	QX1794.tig00000192	1030237	1031472	INT	-	NA	NA	NA	NA	NA	1015477	1000	5413	14760	15995	NA	NA	NA	QX1794.tig00000192_NA	NA	NA	NA	NA	no
QX1794.tig00000292	328360	QX1794	6	QX1794_6	331980	pPolB	-	QX1794.tig00000292	340899	342119	INT	-	NA	NA	NA	NA	NA	327360	1000	4620	13539	14759	NA	NA	NA	QX1794.tig00000292_NA	NA	NA	NA	NA	no
QX1794.tig00000303	154402	QX1794	7	QX1794_7	158034	pPolB	-	QX1794.tig00000303	166261	167481	INT	-	NA	NA	NA	NA	NA	153402	1000	4632	12859	14079	NA	NA	NA	QX1794.tig00000303_NA	NA	NA	NA	NA	no
QX1794.tig00000303	680329	QX1794	8	QX1794_8	684595	pPolB	-	QX1794.tig00000303	694102	695215	INT	-	QX1794.tig00000303	678679	679422	TIR744	+	678679	1650	5916	15423	16536	0	743	743	QX1794.tig00000303_678679	NA	NA	NA	NA	no
QX1794.tig00000303	680329	QX1794	8	QX1794_8	684595	pPolB	-	QX1794.tig00000303	694102	695215	INT	-	QX1794.tig00000303	695375	696118	TIR744	-	678679	1650	5916	15423	16536	16696	17439	743	QX1794.tig00000303_695375	NA	NA	NA	NA	no
XZ1516.tig00000047	2081616	XZ1516	1	XZ1516_1	2083788	pPolB	+	XZ1516.tig00000047	2072166	2073386	INT	+	NA	NA	NA	NA	NA	2071166	10450	12622	1000	2220	NA	NA	NA	XZ1516.tig00000047_NA	NA	NA	NA	NA	no
XZ1516.tig00000118	191012	XZ1516	2	XZ1516_2	194852	pPolB	-	XZ1516.tig00000118	203115	204347	INT	-	XZ1516.tig00000118	189926	190290	TIR744	+	189926	1086	4926	13189	14421	0	364	364	XZ1516.tig00000118_189926	NA	NA	NA	NA	no
XZ1516.tig00000118	191012	XZ1516	2	XZ1516_2	194852	pPolB	-	XZ1516.tig00000118	203115	204347	INT	-	XZ1516.tig00000118	205242	205775	TIR744	-	189926	1086	4926	13189	14421	15316	15849	533	XZ1516.tig00000118_205242	NA	NA	NA	NA	no
XZ1516.tig00000185	335658	XZ1516	3	XZ1516_3	339947	pPolB	+	XZ1516.tig00000185	325587	326822	INT	+	XZ1516.tig00000185	323931	324404	TIR744	+	323931	11727	16016	1656	2891	0	473	473	XZ1516.tig00000185_323931	NA	NA	NA	NA	no
XZ1516.tig00000185	335658	XZ1516	3	XZ1516_3	339947	pPolB	+	XZ1516.tig00000185	325587	326822	INT	+	XZ1516.tig00000185	341023	341496	TIR744	-	323931	11727	16016	1656	2891	17092	17565	473	XZ1516.tig00000185_341023	NA	NA	NA	NA	no
XZ1516.tig00000185	387847	XZ1516	4	XZ1516_4	391485	pPolB	+	XZ1516.tig00000185	378278	379504	INT	+	NA	NA	NA	NA	NA	377278	10569	14207	1000	2226	NA	NA	NA	XZ1516.tig00000185_NA	NA	NA	NA	NA	no
XZ1516.tig00012865	336768	XZ1516	5	XZ1516_5	340427	pPolB	-	XZ1516.tig00012865	348464	349690	INT	-	NA	NA	NA	NA	NA	335768	1000	4659	12696	13922	NA	NA	NA	XZ1516.tig00012865_NA	NA	NA	NA	NA	no
XZ1516.tig00012875	997317	XZ1516	6	XZ1516_6	1001075	pPolB	+	XZ1516.tig00012875	995476	996660	INT	-	NA	NA	NA	NA	NA	994476	2841	6599	1000	2184	NA	NA	NA	XZ1516.tig00012875_NA	NA	NA	NA	NA	no
XZ1516.tig00012893	647687	XZ1516	7	XZ1516_7	651955	pPolB	-	XZ1516.tig00012893	661325	662437	INT	-	XZ1516.tig00012893	646038	646780	TIR744	+	646038	1649	5917	15287	16399	0	742	742	XZ1516.tig00012893_646038	NA	NA	NA	NA	no
XZ1516.tig00012893	647687	XZ1516	7	XZ1516_7	651955	pPolB	-	XZ1516.tig00012893	661325	662437	INT	-	XZ1516.tig00012893	662601	663344	TIR744	-	646038	1649	5917	15287	16399	16563	17306	743	XZ1516.tig00012893_662601	NA	NA	NA	NA	no
cb_AF16_WS283_I	4715890	AF16	1	AF16_1	4719162	pPolB	-	cb_AF16_WS283_I	4730259	4731489	INT	-	NA	NA	NA	NA	NA	4714890	1000	4272	15369	16599	NA	NA	NA	cb_AF16_WS283_I_NA	NA	NA	NA	NA	no
cb_AF16_WS283_I	9857716	AF16	2	AF16_2	9861514	pPolB	-	cb_AF16_WS283_I	9867708	9869000	INT	-	NA	NA	NA	NA	NA	9856716	1000	4798	10992	12284	NA	NA	NA	cb_AF16_WS283_I_NA	NA	NA	NA	NA	no
cb_AF16_WS283_I	13001992	AF16	3	AF16_3	13005542	pPolB	-	cb_AF16_WS283_I	13014772	13015973	INT	-	NA	NA	NA	NA	NA	13000992	1000	4550	13780	14981	NA	NA	NA	cb_AF16_WS283_I_NA	NA	NA	NA	NA	no
cb_AF16_WS283_II	8221981	AF16	4	AF16_4	8225771	pPolB	-	cb_AF16_WS283_II	8233038	8233828	INT	-	NA	NA	NA	NA	NA	8220981	1000	4790	12057	12847	NA	NA	NA	cb_AF16_WS283_II_NA	NA	NA	NA	NA	no
cb_AF16_WS283_III	4616032	AF16	5	AF16_5	4617513	pPolB	-	cb_AF16_WS283_III	4622611	4623900	INT	-	NA	NA	NA	NA	NA	4615032	1000	2481	7579	8868	NA	NA	NA	cb_AF16_WS283_III_NA	NA	NA	NA	NA	no
cb_AF16_WS283_IV	2334870	AF16	6	AF16_6	2345840	pPolB	-	cb_AF16_WS283_IV	2355135	2356337	INT	-	NA	NA	NA	NA	NA	2333870	1000	11970	21265	22467	NA	NA	NA	cb_AF16_WS283_IV_NA	NA	NA	NA	NA	no
cb_AF16_WS283_V	15716909	AF16	7	AF16_7	15720907	pPolB	-	cb_AF16_WS283_V	15730430	15731470	INT	-	NA	NA	NA	NA	NA	15715909	1000	4998	14521	15561	NA	NA	NA	cb_AF16_WS283_V_NA	NA	NA	NA	NA	no
cb_AF16_WS283_V	16717309	AF16	8	AF16_8	16720824	pPolB	-	cb_AF16_WS283_V	16725875	16727076	INT	-	NA	NA	NA	NA	NA	16716309	1000	4515	9566	10767	NA	NA	NA	cb_AF16_WS283_V_NA	NA	NA	NA	NA	no
cb_AF16_WS283_V	18541948	AF16	9	AF16_9	18546048	pPolB	-	cb_AF16_WS283_V	18554031	18555227	INT	-	NA	NA	NA	NA	NA	18540948	1000	5100	13083	14279	NA	NA	NA	cb_AF16_WS283_V_NA	NA	NA	NA	NA	no
cb_AF16_WS283_X	17108853	AF16	10	AF16_10	17112437	pPolB	-	cb_AF16_WS283_X	17120880	17122112	INT	-	NA	NA	NA	NA	NA	17107853	1000	4584	13027	14259	NA	NA	NA	cb_AF16_WS283_X_NA	NA	NA	NA	NA	no
cb_AF16_WS283_cb25.NA_037	54868	AF16	11	AF16_11	58421	pPolB	-	cb_AF16_WS283_cb25.NA_037	66933	68134	INT	-	NA	NA	NA	NA	NA	53868	1000	4553	13065	14266	NA	NA	NA	cb_AF16_WS283_cb25.NA_037_NA	NA	NA	NA	NA	no
cb_AF16_WS283_cb25.NA_098	9307	AF16	12	AF16_12	12890	pPolB	+	cb_AF16_WS283_cb25.NA_098	2	1165	INT	+	NA	NA	NA	NA	NA	-998	10305	13888	1000	2163	NA	NA	NA	cb_AF16_WS283_cb25.NA_098_NA	NA	NA	NA	NA	no
cb_AF16_WS283_cb25.NA_234	9853	AF16	13	AF16_13	11564	pPolB	+	cb_AF16_WS283_cb25.NA_234	646	1848	INT	+	NA	NA	NA	NA	NA	-354	10207	11918	1000	2202	NA	NA	NA	cb_AF16_WS283_cb25.NA_234_NA	NA	NA	NA	NA	no
cb_QX1410_Feb2020_I	4714920	QX1410	1	QX1410_1	4718192	pPolB	-	cb_QX1410_Feb2020_I	4729290	4730520	INT	-	NA	NA	NA	NA	NA	4713920	1000	4272	15370	16600	NA	NA	NA	cb_QX1410_Feb2020_I_NA	NA	NA	NA	NA	no
cb_QX1410_Feb2020_I	9882331	QX1410	2	QX1410_2	9886129	pPolB	-	cb_QX1410_Feb2020_I	9892323	9893615	INT	-	NA	NA	NA	NA	NA	9881331	1000	4798	10992	12284	NA	NA	NA	cb_QX1410_Feb2020_I_NA	NA	NA	NA	NA	no
cb_QX1410_Feb2020_I	11499509	QX1410	3	QX1410_3	11500111	pPolB	+	cb_QX1410_Feb2020_I	11491499	11492725	INT	+	NA	NA	NA	NA	NA	11490499	9010	9612	1000	2226	NA	NA	NA	cb_QX1410_Feb2020_I_NA	NA	NA	NA	NA	no
cb_QX1410_Feb2020_I	12604461	QX1410	4	QX1410_4	12608012	pPolB	+	cb_QX1410_Feb2020_I	12595141	12596343	INT	+	NA	NA	NA	NA	NA	12594141	10320	13871	1000	2202	NA	NA	NA	cb_QX1410_Feb2020_I_NA	NA	NA	NA	NA	no
cb_QX1410_Feb2020_II	8011191	QX1410	5	QX1410_5	8014981	pPolB	-	cb_QX1410_Feb2020_II	8022250	8023040	INT	-	NA	NA	NA	NA	NA	8010191	1000	4790	12059	12849	NA	NA	NA	cb_QX1410_Feb2020_II_NA	NA	NA	NA	NA	no
cb_QX1410_Feb2020_III	4724389	QX1410	6	QX1410_6	4725870	pPolB	-	cb_QX1410_Feb2020_III	4730968	4732257	INT	-	NA	NA	NA	NA	NA	4723389	1000	2481	7579	8868	NA	NA	NA	cb_QX1410_Feb2020_III_NA	NA	NA	NA	NA	no
cb_QX1410_Feb2020_III	8179052	QX1410	7	QX1410_7	8182636	pPolB	-	cb_QX1410_Feb2020_III	8191080	8192312	INT	-	NA	NA	NA	NA	NA	8178052	1000	4584	13028	14260	NA	NA	NA	cb_QX1410_Feb2020_III_NA	NA	NA	NA	NA	no
cb_QX1410_Feb2020_III	9514580	QX1410	8	QX1410_8	9518164	pPolB	+	cb_QX1410_Feb2020_III	9504904	9506136	INT	+	NA	NA	NA	NA	NA	9503904	10676	14260	1000	2232	NA	NA	NA	cb_QX1410_Feb2020_III_NA	NA	NA	NA	NA	no
cb_QX1410_Feb2020_IV	2279666	QX1410	9	QX1410_9	2283154	pPolB	-	cb_QX1410_Feb2020_IV	2292689	2293891	INT	-	NA	NA	NA	NA	NA	2278666	1000	4488	14023	15225	NA	NA	NA	cb_QX1410_Feb2020_IV_NA	NA	NA	NA	NA	no
cb_QX1410_Feb2020_IV	4213923	QX1410	10	QX1410_10	4217468	pPolB	-	cb_QX1410_Feb2020_IV	4225514	4226750	INT	-	NA	NA	NA	NA	NA	4212923	1000	4545	12591	13827	NA	NA	NA	cb_QX1410_Feb2020_IV_NA	NA	NA	NA	NA	no
cb_QX1410_Feb2020_V	15660044	QX1410	11	QX1410_11	15664015	pPolB	+	cb_QX1410_Feb2020_V	15649516	15651964	INT	+	NA	NA	NA	NA	NA	15648516	11528	15499	1000	3448	NA	NA	NA	cb_QX1410_Feb2020_V_NA	NA	NA	NA	NA	no
cb_QX1410_Feb2020_V	16202742	QX1410	12	QX1410_12	16206298	pPolB	-	cb_QX1410_Feb2020_V	16214364	16215428	INT	-	NA	NA	NA	NA	NA	16201742	1000	4556	12622	13686	NA	NA	NA	cb_QX1410_Feb2020_V_NA	NA	NA	NA	NA	no
cb_QX1410_Feb2020_V	16919755	QX1410	13	QX1410_13	16923306	pPolB	-	cb_QX1410_Feb2020_V	16931312	16932514	INT	-	NA	NA	NA	NA	NA	16918755	1000	4551	12557	13759	NA	NA	NA	cb_QX1410_Feb2020_V_NA	NA	NA	NA	NA	no
cb_QX1410_Feb2020_V	18764607	QX1410	14	QX1410_14	18768191	pPolB	+	cb_QX1410_Feb2020_V	18754932	18756164	INT	+	NA	NA	NA	NA	NA	18753932	10675	14259	1000	2232	NA	NA	NA	cb_QX1410_Feb2020_V_NA	NA	NA	NA	NA	no
cb_QX1410_Feb2020_X	22030223	QX1410	15	QX1410_15	22033777	pPolB	-	cb_QX1410_Feb2020_X	22042437	22043639	INT	-	NA	NA	NA	NA	NA	22029223	1000	4554	13214	14416	NA	NA	NA	cb_QX1410_Feb2020_X_NA	NA	NA	NA	NA	no
cb_VX34_Feb2020_I	4627736	VX34	1	VX34_1	4631008	pPolB	-	cb_VX34_Feb2020_I	4638950	4640180	INT	-	NA	NA	NA	NA	NA	4626736	1000	4272	12214	13444	NA	NA	NA	cb_VX34_Feb2020_I_NA	NA	NA	NA	NA	no
cb_VX34_Feb2020_I	4667431	VX34	2	VX34_2	4670985	pPolB	+	cb_VX34_Feb2020_I	4658407	4659606	INT	+	NA	NA	NA	NA	NA	4657407	10024	13578	1000	2199	NA	NA	NA	cb_VX34_Feb2020_I_NA	NA	NA	NA	NA	no
cb_VX34_Feb2020_I	10046180	VX34	3	VX34_3	10050029	pPolB	-	cb_VX34_Feb2020_I	10056967	10058193	INT	-	NA	NA	NA	NA	NA	10045180	1000	4849	11787	13013	NA	NA	NA	cb_VX34_Feb2020_I_NA	NA	NA	NA	NA	no
cb_VX34_Feb2020_II	7554799	VX34	4	VX34_4	7558377	pPolB	+	cb_VX34_Feb2020_II	7545520	7546740	INT	+	NA	NA	NA	NA	NA	7544520	10279	13857	1000	2220	NA	NA	NA	cb_VX34_Feb2020_II_NA	NA	NA	NA	NA	no
cb_VX34_Feb2020_II	8121968	VX34	5	VX34_5	8125757	pPolB	-	cb_VX34_Feb2020_II	8134273	8135541	INT	-	NA	NA	NA	NA	NA	8120968	1000	4789	13305	14573	NA	NA	NA	cb_VX34_Feb2020_II_NA	NA	NA	NA	NA	no
cb_VX34_Feb2020_II	11562044	VX34	6	VX34_6	11565504	pPolB	+	cb_VX34_Feb2020_II	11552771	11554003	INT	+	NA	NA	NA	NA	NA	11551771	10273	13733	1000	2232	NA	NA	NA	cb_VX34_Feb2020_II_NA	NA	NA	NA	NA	no
cb_VX34_Feb2020_II	15864327	VX34	7	VX34_7	15867911	pPolB	+	cb_VX34_Feb2020_II	15854663	15855887	INT	+	NA	NA	NA	NA	NA	15853663	10664	14248	1000	2224	NA	NA	NA	cb_VX34_Feb2020_II_NA	NA	NA	NA	NA	no
cb_VX34_Feb2020_III	3206314	VX34	8	VX34_8	3209820	pPolB	-	cb_VX34_Feb2020_III	3202152	3203377	INT	-	NA	NA	NA	NA	NA	3201152	5162	8668	1000	2225	NA	NA	NA	cb_VX34_Feb2020_III_NA	NA	NA	NA	NA	no
cb_VX34_Feb2020_III	4791312	VX34	9	VX34_9	4792793	pPolB	-	cb_VX34_Feb2020_III	4797889	4799176	INT	-	NA	NA	NA	NA	NA	4790312	1000	2481	7577	8864	NA	NA	NA	cb_VX34_Feb2020_III_NA	NA	NA	NA	NA	no
cb_VX34_Feb2020_III	10790322	VX34	10	VX34_10	10793731	pPolB	-	cb_VX34_Feb2020_III	10798509	10799504	INT	-	NA	NA	NA	NA	NA	10789322	1000	4409	9187	10182	NA	NA	NA	cb_VX34_Feb2020_III_NA	NA	NA	NA	NA	no
cb_VX34_Feb2020_IV	11509939	VX34	11	VX34_11	11513523	pPolB	-	cb_VX34_Feb2020_IV	11521963	11523195	INT	-	NA	NA	NA	NA	NA	11508939	1000	4584	13024	14256	NA	NA	NA	cb_VX34_Feb2020_IV_NA	NA	NA	NA	NA	no
cb_VX34_Feb2020_IV	14740267	VX34	12	VX34_12	14743851	pPolB	-	cb_VX34_Feb2020_IV	14752271	14753503	INT	-	NA	NA	NA	NA	NA	14739267	1000	4584	13004	14236	NA	NA	NA	cb_VX34_Feb2020_IV_NA	NA	NA	NA	NA	no
cb_VX34_Feb2020_X	853008	VX34	13	VX34_13	856586	pPolB	+	cb_VX34_Feb2020_X	843968	845191	INT	+	NA	NA	NA	NA	NA	842968	10040	13618	1000	2223	NA	NA	NA	cb_VX34_Feb2020_X_NA	NA	NA	NA	NA	no
cb_VX34_Feb2020_X	21034147	VX34	14	VX34_14	21034779	pPolB	+	cb_VX34_Feb2020_X	21026712	21026996	INT	+	NA	NA	NA	NA	NA	21025712	8435	9067	1000	1284	NA	NA	NA	cb_VX34_Feb2020_X_NA	NA	NA	NA	NA	no
cb_VX34_Feb2020_X	22281187	VX34	15	VX34_15	22284732	pPolB	-	cb_VX34_Feb2020_X	22292918	22294129	INT	-	NA	NA	NA	NA	NA	22280187	1000	4545	12731	13942	NA	NA	NA	cb_VX34_Feb2020_X_NA	NA	NA	NA	NA	no
ce_DL226_CM041006.1_I	10530863	DL226	1	DL226_1	10535129	pPolB	+	ce_DL226_CM041006.1_I	10520241	10521354	INT	+	ce_DL226_CM041006.1_I	10519338	10520081	TIR744	+	10519338	11525	15791	903	2016	0	743	743	ce_DL226_CM041006.1_I_10519338	NA	NA	NA	NA	no
ce_DL226_CM041006.1_I	10530863	DL226	1	DL226_1	10535129	pPolB	+	ce_DL226_CM041006.1_I	10520241	10521354	INT	+	ce_DL226_CM041006.1_I	10536036	10536779	TIR744	-	10519338	11525	15791	903	2016	16698	17441	743	ce_DL226_CM041006.1_I_10536036	NA	NA	NA	NA	no
ce_DL226_CM041006.1_I	13326393	DL226	2	DL226_2	13330706	pPolB	-	ce_DL226_CM041006.1_I	13339638	13340765	INT	-	ce_DL226_CM041006.1_I	13324768	13325629	TIR744	+	13324768	1625	5938	14870	15997	0	861	861	ce_DL226_CM041006.1_I_13324768	NA	NA	NA	NA	no
ce_DL226_CM041006.1_I	13326393	DL226	2	DL226_2	13330706	pPolB	-	ce_DL226_CM041006.1_I	13339638	13340765	INT	-	ce_DL226_CM041006.1_I	13341538	13342392	TIR744	-	13324768	1625	5938	14870	15997	16770	17624	854	ce_DL226_CM041006.1_I_13341538	NA	NA	NA	NA	no
ce_DL226_CM041006.1_I	14777558	DL226	3	DL226_3	14780545	pPolB	+	ce_DL226_CM041006.1_I	14775353	14776573	INT	+	NA	NA	NA	NA	NA	14774353	3205	6192	1000	2220	NA	NA	NA	ce_DL226_CM041006.1_I_NA	NA	NA	NA	NA	no
ce_DL226_CM041008.1_III	2111275	DL226	4	DL226_4	2114877	pPolB	-	ce_DL226_CM041008.1_III	2122928	2124148	INT	-	NA	NA	NA	NA	NA	2110275	1000	4602	12653	13873	NA	NA	NA	ce_DL226_CM041008.1_III_NA	NA	NA	NA	NA	no
ce_DL226_CM041011.1_X	17709600	DL226	5	DL226_5	17712804	pPolB	+	ce_DL226_CM041011.1_X	17699934	17701166	INT	+	ce_DL226_CM041011.1_X	17698441	17699039	TIR744	+	17698441	11159	14363	1493	2725	0	598	598	ce_DL226_CM041011.1_X_17698441	NA	NA	NA	NA	no
ce_DL226_CM041011.1_X	17709600	DL226	5	DL226_5	17712804	pPolB	+	ce_DL226_CM041011.1_X	17699934	17701166	INT	+	ce_DL226_CM041011.1_X	17713521	17713878	TIR744	-	17698441	11159	14363	1493	2725	15080	15437	357	ce_DL226_CM041011.1_X_17713521	NA	NA	NA	NA	no
ce_JU1395_JAAXDB010000005.1	128584	JU1395	1	JU1395_1	132838	pPolB	+	ce_JU1395_JAAXDB010000005.1	117976	119089	INT	+	ce_JU1395_JAAXDB010000005.1	117078	117816	TIR744	+	117078	11506	15760	898	2011	0	738	738	ce_JU1395_JAAXDB010000005.1_117078	NA	NA	NA	NA	no
ce_JU1395_JAAXDB010000005.1	128584	JU1395	1	JU1395_1	132838	pPolB	+	ce_JU1395_JAAXDB010000005.1	117976	119089	INT	+	ce_JU1395_JAAXDB010000005.1	133745	134487	TIR744	-	117078	11506	15760	898	2011	16667	17409	742	ce_JU1395_JAAXDB010000005.1_133745	NA	NA	NA	NA	no
ce_JU1395_JAAXDB010000005.1	3030852	JU1395	2	JU1395_2	3035160	pPolB	-	ce_JU1395_JAAXDB010000005.1	3044083	3045317	INT	-	ce_JU1395_JAAXDB010000005.1	3029247	3030088	TIR744	+	3029247	1605	5913	14836	16070	0	841	841	ce_JU1395_JAAXDB010000005.1_3029247	NA	NA	NA	NA	no
ce_JU1395_JAAXDB010000005.1	3030852	JU1395	2	JU1395_2	3035160	pPolB	-	ce_JU1395_JAAXDB010000005.1	3044083	3045317	INT	-	ce_JU1395_JAAXDB010000005.1	3046087	3046935	TIR744	-	3029247	1605	5913	14836	16070	16840	17688	848	ce_JU1395_JAAXDB010000005.1_3046087	NA	NA	NA	NA	no
ce_JU1395_JAAXDB010000009.1	466744	JU1395	3	JU1395_3	469949	pPolB	-	ce_JU1395_JAAXDB010000009.1	478368	479600	INT	-	ce_JU1395_JAAXDB010000009.1	465663	466027	TIR744	+	465663	1081	4286	12705	13937	0	364	364	ce_JU1395_JAAXDB010000009.1_465663	NA	NA	NA	NA	no
ce_JU1395_JAAXDB010000009.1	466744	JU1395	3	JU1395_3	469949	pPolB	-	ce_JU1395_JAAXDB010000009.1	478368	479600	INT	-	ce_JU1395_JAAXDB010000009.1	480493	481078	TIR744	-	465663	1081	4286	12705	13937	14830	15415	585	ce_JU1395_JAAXDB010000009.1_480493	NA	NA	NA	NA	no
ce_JU1395_JAAXDB010000025.1	78392	JU1395	4	JU1395_4	82054	pPolB	+	ce_JU1395_JAAXDB010000025.1	69095	70309	INT	+	NA	NA	NA	NA	NA	68095	10297	13959	1000	2214	NA	NA	NA	ce_JU1395_JAAXDB010000025.1_NA	NA	NA	NA	NA	no
CB4856.CP038187.1	NA	CB4856	10	CB4856_10	NA	NA	NA	NA	NA	NA	NA	NA	NA	4647515	4648259	TIR744	+	4647515	NA	NA	NA	NA	0	744	NA	CB4856.CP038187.1_4647515	NA	NA	NA	NA	yes
CB4856.CP038187.1	NA	CB4856	10	CB4856_10	NA	NA	NA	NA	NA	NA	NA	NA	NA	4652320	4652927	TIR744	-	4647515	NA	NA	NA	NA	4805	5412	NA	CB4856.CP038187.1_4652320	NA	NA	NA	NA	yes
DL238.tig00000314	NA	DL238	7	DL238_7	NA	NA	NA	NA	NA	NA	NA	NA	NA	183619	184363	TIR744	+	183619	NA	NA	NA	NA	0	744	NA	DL238.tig00000314_183619	NA	NA	NA	NA	yes
DL238.tig00000314	NA	DL238	7	DL238_7	NA	NA	NA	NA	NA	NA	NA	NA	NA	188460	189067	TIR744	-	183619	NA	NA	NA	NA	4841	5448	NA	DL238.tig00000314_188460	NA	NA	NA	NA	yes
ECA396.tig00000148	NA	ECA396	8	ECA396_8	NA	NA	NA	NA	NA	NA	NA	NA	NA	762235	762958	TIR744	+	762235	NA	NA	NA	NA	0	723	NA	ECA396.tig00000148_762235	NA	NA	NA	NA	yes
ECA396.tig00000148	NA	ECA396	8	ECA396_8	NA	NA	NA	NA	NA	NA	NA	NA	NA	765111	765857	TIR744	+	762235	NA	NA	NA	NA	2876	3622	NA	ECA396.tig00000148_765111	NA	NA	NA	NA	yes
ECA396.tig00000148	NA	ECA396	8	ECA396_8	NA	NA	NA	NA	NA	NA	NA	NA	NA	771002	771058	TIR744	-	762235	NA	NA	NA	NA	8767	8823	NA	ECA396.tig00000148_771002	NA	NA	NA	NA	yes
ECA396.tig00000148	NA	ECA396	8	ECA396_8	NA	NA	NA	NA	NA	NA	NA	NA	NA	775648	775704	TIR744	+	762235	NA	NA	NA	NA	13413	13469	NA	ECA396.tig00000148_775648	NA	NA	NA	NA	yes
EG4725.tig00000116	NA	EG4725	6	EG4725_6	NA	NA	NA	NA	NA	NA	NA	NA	NA	101186	101896	TIR744	+	101186	NA	NA	NA	NA	0	710	NA	EG4725.tig00000116_101186	NA	NA	NA	NA	yes
EG4725.tig00000116	NA	EG4725	6	EG4725_6	NA	NA	NA	NA	NA	NA	NA	NA	NA	104010	104729	TIR744	+	101186	NA	NA	NA	NA	2824	3543	NA	EG4725.tig00000116_104010	NA	NA	NA	NA	yes
JU1400.tig00000043	NA	JU1400	7	JU1400_7	NA	NA	NA	NA	NA	NA	NA	NA	NA	103348	104058	TIR744	+	103348	NA	NA	NA	NA	0	710	NA	JU1400.tig00000043_103348	NA	NA	NA	NA	yes
JU1400.tig00000043	NA	JU1400	7	JU1400_7	NA	NA	NA	NA	NA	NA	NA	NA	NA	106172	106891	TIR744	+	103348	NA	NA	NA	NA	2824	3543	NA	JU1400.tig00000043_106172	NA	NA	NA	NA	yes
JU1400.tig00000043	NA	JU1400	7	JU1400_7	NA	NA	NA	NA	NA	NA	NA	NA	NA	109005	109724	TIR744	+	103348	NA	NA	NA	NA	5657	6376	NA	JU1400.tig00000043_109005	NA	NA	NA	NA	yes
JU2526.tig00000396	NA	JU2526	9	JU2526_9	NA	NA	NA	NA	NA	NA	NA	NA	NA	88981	89037	TIR744	+	88981	NA	NA	NA	NA	8765	8709	NA	JU2526.tig00000396_88981	NA	NA	NA	NA	yes
JU2526.tig00000396	NA	JU2526	9	JU2526_9	NA	NA	NA	NA	NA	NA	NA	NA	NA	94180	94914	TIR744	-	88981	NA	NA	NA	NA	3566	2832	NA	JU2526.tig00000396_94180	NA	NA	NA	NA	yes
JU2526.tig00000396	NA	JU2526	9	JU2526_9	NA	NA	NA	NA	NA	NA	NA	NA	NA	97027	97746	TIR744	-	88981	NA	NA	NA	NA	719	0	NA	JU2526.tig00000396_97027	NA	NA	NA	NA	yes
JU2600.tig00000057	NA	JU2600	8	JU2600_8	NA	NA	NA	NA	NA	NA	NA	NA	NA	3592414	3593133	TIR744	+	3592414	NA	NA	NA	NA	0	719	NA	JU2600.tig00000057_3592414	NA	NA	NA	NA	yes
JU2600.tig00000057	NA	JU2600	8	JU2600_8	NA	NA	NA	NA	NA	NA	NA	NA	NA	3595247	3595957	TIR744	+	3592414	NA	NA	NA	NA	2833	3543	NA	JU2600.tig00000057_3595247	NA	NA	NA	NA	yes
JU310.tig00000120	NA	JU310	9	JU310_9	NA	NA	NA	NA	NA	NA	NA	NA	NA	92642	93352	TIR744	+	92642	NA	NA	NA	NA	0	710	NA	JU310.tig00000120_92642	NA	NA	NA	NA	yes
JU310.tig00000120	NA	JU310	9	JU310_9	NA	NA	NA	NA	NA	NA	NA	NA	NA	95466	96185	TIR744	+	92642	NA	NA	NA	NA	2824	3543	NA	JU310.tig00000120_95466	NA	NA	NA	NA	yes
JU310.tig00000210	NA	JU310	10	JU310_10	NA	NA	NA	NA	NA	NA	NA	NA	NA	95330	96070	TIR744	-	95330	NA	NA	NA	NA	0	740	NA	JU310.tig00000210_95330	NA	NA	NA	NA	no
MY2147.tig00000037	NA	MY2147	4	MY2147_4	NA	NA	NA	NA	NA	NA	NA	NA	NA	3574768	3575487	TIR744	+	3574768	NA	NA	NA	NA	0	719	NA	MY2147.tig00000037_3574768	NA	NA	NA	NA	yes
MY2147.tig00000037	NA	MY2147	4	MY2147_4	NA	NA	NA	NA	NA	NA	NA	NA	NA	3577601	3578311	TIR744	+	3574768	NA	NA	NA	NA	2833	3543	NA	MY2147.tig00000037_3577601	NA	NA	NA	NA	yes
MY2693.tig00000034	NA	MY2693	4	MY2693_4	NA	NA	NA	NA	NA	NA	NA	NA	NA	82964	83674	TIR744	+	82964	NA	NA	NA	NA	0	710	NA	MY2693.tig00000034_82964	NA	NA	NA	NA	yes
MY2693.tig00000034	NA	MY2693	4	MY2693_4	NA	NA	NA	NA	NA	NA	NA	NA	NA	85788	86507	TIR744	+	82964	NA	NA	NA	NA	2824	3543	NA	MY2693.tig00000034_85788	NA	NA	NA	NA	yes
N2.I	NA	N2	4	N2_4	NA	NA	NA	NA	NA	NA	NA	NA	NA	4456377	4457096	TIR744	+	4456377	NA	NA	NA	NA	0	719	NA	N2.I_4456377	NA	NA	NA	NA	yes
N2.I	NA	N2	4	N2_4	NA	NA	NA	NA	NA	NA	NA	NA	NA	4459210	4459920	TIR744	+	4456377	NA	NA	NA	NA	2833	3543	NA	N2.I_4459210	NA	NA	NA	NA	yes
NIC2.tig00000038	NA	NIC2	8	NIC2_8	NA	NA	NA	NA	NA	NA	NA	NA	NA	3561760	3562479	TIR744	+	3561760	NA	NA	NA	NA	0	719	NA	NIC2.tig00000038_3561760	NA	NA	NA	NA	yes
NIC2.tig00000038	NA	NIC2	8	NIC2_8	NA	NA	NA	NA	NA	NA	NA	NA	NA	3564593	3565303	TIR744	+	3561760	NA	NA	NA	NA	2833	3543	NA	NIC2.tig00000038_3564593	NA	NA	NA	NA	yes
QX1794.tig00000007	NA	QX1794	9	QX1794_9	NA	NA	NA	NA	NA	NA	NA	NA	NA	38811	39282	TIR744	+	38811	NA	NA	NA	NA	0	471	NA	QX1794.tig00000007_38811	NA	NA	NA	NA	no
QX1794.tig00000007	NA	QX1794	9	QX1794_9	NA	NA	NA	NA	NA	NA	NA	NA	NA	54417	54887	TIR744	-	38811	NA	NA	NA	NA	15606	16076	NA	QX1794.tig00000007_54417	NA	NA	NA	NA	no
QX1794.tig00000070	NA	QX1794	10	QX1794_10	NA	NA	NA	NA	NA	NA	NA	NA	NA	392657	393376	TIR744	+	392657	NA	NA	NA	NA	0	719	NA	QX1794.tig00000070_392657	NA	NA	NA	NA	yes
QX1794.tig00000070	NA	QX1794	10	QX1794_10	NA	NA	NA	NA	NA	NA	NA	NA	NA	395490	396200	TIR744	+	392657	NA	NA	NA	NA	2833	3543	NA	QX1794.tig00000070_395490	NA	NA	NA	NA	yes
QX1794.tig00000292	NA	QX1794	11	QX1794_11	NA	NA	NA	NA	NA	NA	NA	NA	NA	849041	849781	TIR744	-	849041	NA	NA	NA	NA	15172	15912	NA	QX1794.tig00000292_849041	NA	NA	NA	NA	no
ce_DL226_CM041006.1_I	NA	DL226	6	DL226_6	NA	NA	NA	NA	NA	NA	NA	NA	NA	4509420	4510139	TIR744	+	4509420	NA	NA	NA	NA	0	719	NA	ce_DL226_CM041006.1_I_4509420	NA	NA	NA	NA	yes
ce_DL226_CM041006.1_I	NA	DL226	6	DL226_6	NA	NA	NA	NA	NA	NA	NA	NA	NA	4512248	4512957	TIR744	+	4509420	NA	NA	NA	NA	2828	3537	NA	ce_DL226_CM041006.1_I_4512248	NA	NA	NA	NA	yes
ce_DL226_CM041007.1_II	NA	DL226	7	DL226_7	NA	NA	NA	NA	NA	NA	NA	NA	NA	1808830	1809570	TIR744	+	1808830	NA	NA	NA	NA	0	740	NA	ce_DL226_CM041007.1_II_1808830	NA	NA	NA	NA	no
ce_JU1395_JAAXDB010000026.1	NA	JU1395	5	JU1395_5	NA	NA	NA	NA	NA	NA	NA	NA	NA	340	1133	TIR744	+	340	NA	NA	NA	NA	0	793	NA	ce_JU1395_JAAXDB010000026.1_340	NA	NA	NA	NA	no
ce_JU1395_JAAXDB010000048.1	NA	JU1395	6	JU1395_6	NA	NA	NA	NA	NA	NA	NA	NA	NA	474945	475664	TIR744	+	474945	NA	NA	NA	NA	0	719	NA	ce_JU1395_JAAXDB010000048.1_474945	NA	NA	NA	NA	yes
ce_JU1395_JAAXDB010000048.1	NA	JU1395	6	JU1395_6	NA	NA	NA	NA	NA	NA	NA	NA	NA	477766	478474	TIR744	+	474945	NA	NA	NA	NA	2821	3529	NA	ce_JU1395_JAAXDB010000048.1_477766	NA	NA	NA	NA	yes
ce_JU1395_JAAXDB010000071.1	NA	JU1395	7	JU1395_7	NA	NA	NA	NA	NA	NA	NA	NA	NA	21052	21863	TIR744	-	21052	NA	NA	NA	NA	15172	15983	NA	ce_JU1395_JAAXDB010000071.1_21052	NA	NA	NA	NA	no
CB4856.CP038187.1	4649167	CB4856	10	NA	4652093	pPolB	-	NA	NA	NA	NA	NA	NA	NA	NA	NA	NA	4647515	NA	NA	NA	NA	NA	NA	NA	NA	2	1652	4578	yes	yes
DL238.tig00000314	185271	DL238	7	NA	188233	pPolB	-	NA	NA	NA	NA	NA	NA	NA	NA	NA	NA	183619	NA	NA	NA	NA	NA	NA	NA	NA	2	1652	4614	yes	yes
ECA396.tig00000148	766765	ECA396	8	NA	767973	pPolB	-	NA	NA	NA	NA	NA	NA	NA	NA	NA	NA	762235	NA	NA	NA	NA	NA	NA	NA	NA	1	4530	5738	yes	yes
ECA396.tig00000148	768232	ECA396	8	NA	770094	pPolB	+	NA	NA	NA	NA	NA	NA	NA	NA	NA	NA	762235	NA	NA	NA	NA	NA	NA	NA	NA	1	5997	7859	yes	yes
JU2526.tig00000396	89945	JU2526	9	NA	91807	pPolB	-	NA	NA	NA	NA	NA	NA	NA	NA	NA	NA	88981	NA	NA	NA	NA	NA	NA	NA	NA	1	7801	5939	yes	yes
JU2526.tig00000396	92066	JU2526	9	NA	93272	pPolB	+	NA	NA	NA	NA	NA	NA	NA	NA	NA	NA	88981	NA	NA	NA	NA	NA	NA	NA	NA	2	5680	4474	yes	yes
JU310.tig00000210	96976	JU310	10	NA	101242	pPolB	+	NA	NA	NA	NA	NA	NA	NA	NA	NA	NA	95330	NA	NA	NA	NA	NA	NA	NA	NA	6	1646	5912	yes	no
QX1794.tig00000007	40189	QX1794	9	NA	44454	pPolB	-	NA	NA	NA	NA	NA	NA	NA	NA	NA	NA	38811	NA	NA	NA	NA	NA	NA	NA	NA	2	1378	5643	yes	no
QX1794.tig00000007	49243	QX1794	9	NA	53510	pPolB	+	NA	NA	NA	NA	NA	NA	NA	NA	NA	NA	38811	NA	NA	NA	NA	NA	NA	NA	NA	2	10432	14699	yes	no
QX1794.tig00000292	843869	QX1794	11	NA	848134	pPolB	+	NA	NA	NA	NA	NA	NA	NA	NA	NA	NA	849041	NA	NA	NA	NA	NA	NA	NA	NA	2	10000	14265	yes	no
ce_DL226_CM041007.1_II	1810477	DL226	7	NA	1814556	pPolB	-	NA	NA	NA	NA	NA	NA	NA	NA	NA	NA	1808830	NA	NA	NA	NA	NA	NA	NA	NA	2	1647	5726	yes	no
ce_JU1395_JAAXDB010000026.1	1904	JU1395	5	NA	6056	pPolB	-	NA	NA	NA	NA	NA	NA	NA	NA	NA	NA	340	NA	NA	NA	NA	NA	NA	NA	NA	11	1564	5716	yes	no
ce_JU1395_JAAXDB010000071.1	15905	JU1395	7	NA	20288	pPolB	+	NA	NA	NA	NA	NA	NA	NA	NA	NA	NA	21052	NA	NA	NA	NA	NA	NA	NA	NA	3	10025	14408	yes	no
